-1,1.1,2.4,2.5,0.5,-3.8,81.8,0,0.5,0
-1.9,2.3,0,2.3,0.4,-5.6,77,0,0.7,0
-3.8,2,0,1.7,0.2,-7.8,76.3,4.2,0.3,0
-0.6,6,0.1,2.3,0.6,-4.7,76.3,3.5,0.6,0
-0.1,4.3,0,2.5,0.4,-4,76.5,2.5,0.9,0
-0.5,5.6,0,2.3,0.6,-6,70.5,6.7,1.1,0
-2.9,3.6,0,1.3,0.2,-9,70,3.9,0.1,0
-0.7,4.6,2.3,1.5,0.1,-3.8,79.8,0.5,0.3,0
2.8,8.2,0,1.5,0.2,-1.2,77.5,4.5,1.3,0
1.6,2.9,19.8,2.3,0.3,0,89.3,0,0.6,0
2.7,5,0.7,4.5,2.5,-2.1,72,4.5,1.4,0
0,3.8,0,4.7,1.6,-10.5,52.8,8.8,1.8,0
-1.6,6.1,0,1.2,0.1,-10.9,58.8,8.5,-0.5,0
3,8.8,0,2,0.3,-4.8,60.5,0,2.3,0
3.8,6.6,0.3,2,0.3,-0.2,76,0,3.1,0
4.8,12.4,0,2.3,0.2,-0.4,74,6,5.1,0
3.6,12,0,2.2,0.2,-2.7,68.3,6.5,4.4,0
5.5,7.9,15,6,1.1,2.4,81.3,0,4.8,0
6.9,9.7,10.5,6.8,2.5,4.2,83.3,0,5.9,0
3.2,4.3,0.1,5,2.2,-1.5,71,0,3.8,0
5.5,11.1,0,5,1.2,-1.1,66,2.2,4.9,0
7,8.1,19.6,3.5,1.7,3.4,78.3,0,6,0
6.5,7.6,8.1,3.5,1.6,4,84.3,0,6.3,0
4.7,7.4,0,3.7,0.9,0.8,76.5,0,6,0
1,4,0.4,4,1.8,-3.8,71.5,0.8,4.3,0
-0.7,6.4,0,3.7,0.5,-5.1,71,7.7,3.4,0
1.2,10.1,0,2.5,0.3,-4.8,67.8,9.3,3.6,0
4.3,12.8,0,5.3,1.2,-3.5,63,8.6,6,0
4.2,11.2,0,4.5,1.2,-2.6,66.3,6.2,5.6,0
6.1,11,0,4,1.1,0.2,66.3,4.7,7.4,0
5.1,11.8,0,4.8,1.2,-1.6,66,4.7,6.5,0
3.1,9.2,0,4.2,1.3,-1.4,74.8,5.8,5.9,0
2.3,9.4,0,5.7,1.5,-4,68.8,7.5,5.2,0
4.3,10.4,0,7.3,2.3,-2.9,63,7.2,5.8,0
3.8,9,0.3,5.2,1.4,-5.9,55.3,10,7.4,0
1.8,10.4,0,4.3,1,-8.1,57,9.6,5.1,0
3.1,11.6,0,3.8,0.8,-7.7,57,9.1,5.9,0
5.8,15.4,0,3.2,0.6,-0.7,68.5,9,7.8,0
5.4,9.8,20.5,7.7,1.2,3.9,89.8,0,5.7,0
4.6,8.7,7,8.3,2.3,-0.3,71.3,3.4,7.2,0
3.6,12.7,0,2.8,0.5,-4.5,63.8,8.1,7.1,0
4.3,7.1,6.3,2.3,0.3,1.3,82,0,6.1,0
5.9,9.2,0,6.3,2.2,0,68.5,2.2,7.4,0
5.6,11.6,0,5.7,1.8,-5,53.8,7.8,8.7,0
1.9,7.7,2.3,7,0.8,-3.6,72.5,0,4.4,0
3.6,9.9,0,4.3,1,-4,62.3,8.6,7.4,0
4.7,13,0,6.3,1.7,-5.6,55,9.7,7.4,0
8.5,15.4,0,4.3,1.3,-1.1,52,8.4,11.1,0
8.6,19,0,3.2,0.6,-0.8,60.5,7.5,11.2,0
13.1,20.2,0,3.8,1,1.9,49.8,7.8,14.1,0
13.1,19,1.9,3.7,0.6,6,64.3,0,12.7,0
8,12.9,8.6,6.5,3.3,1.2,64.3,0,9.1,0
6.5,10.6,0,6.2,3.1,-11,27.8,9.2,9.4,0
6,16.6,0,3.2,0.6,-7.9,48.5,10.6,9.7,0
7.2,13.6,1.8,3.3,0.7,1.1,69.3,1.2,9,0
7.3,8.6,26.7,3.7,1.8,6.4,94.3,0,8.3,0
8,10.4,8.8,3.3,1.2,5.8,86.3,0,8.6,0
8.6,11.8,0.2,3,0.4,5.5,82,0,9.2,0
10.5,16,1.1,3,0.8,6.5,78.3,4.6,13.2,0
10,18.6,0,4.3,1.1,5,75.8,7.1,12.2,0
11.7,21.8,0,3.7,0.7,5.1,70.3,7.3,13.4,0
10.6,16.5,0,5,1.8,6,75.8,0,11.4,0
5,9.4,0,7.7,3.3,-5.4,50.8,5.1,8.5,0
7,14.3,0,8.3,2.7,-5.2,48,11.4,10.2,0
9.6,17.2,0,5.5,1.6,0.9,57.3,8.6,12.4,0
7,10.6,13.8,8,1.9,5.2,89.3,0,8.5,0
8.6,13.6,0,10.2,5,-7.1,34.8,9.8,9.6,0
10.7,20.6,0,6.7,1.4,2.1,61.8,10.7,12.5,0
13.8,23.9,0,4,0.7,0,52.8,10.3,15.2,0
15.3,25.6,0,5.8,1.7,-0.3,47,8.5,15.2,0
15.8,18,14.8,5,2.1,11.9,79,0,14.1,0
9.3,17.4,3.1,6.7,2.7,8.1,92.5,0,10.9,0
5.4,6.2,10.6,5.8,1.9,3.4,87,0,8,0
7.5,10.8,0.2,3,0.6,5.2,85.8,0,10.3,0
8.1,12.4,4.1,3.8,1.4,2.3,69.5,2,10.5,0
8.8,14.4,0,3,0.9,0.3,58.3,7.6,12.2,0
10.1,16.8,0,4,0.9,1.8,60.8,9.9,14.5,0
11.6,20.2,0,4.3,1.3,2.5,59.5,9,14.8,0
11.6,14,0.4,3,1,5.7,67.3,0.7,12,0
11.9,20.4,0,3.8,0.7,5.4,70.5,8.3,14.7,0
11.4,15.8,3.6,4.3,0.9,7.4,78.3,0,12.5,0
6.7,12.2,4.5,5,1.1,5.5,92,1.2,9.6,0
8.5,16.4,0,9.2,2.2,0.1,64.5,10.9,12.8,0
11.2,18.4,0,7.3,3.2,1.4,55.5,9.4,12.8,0
12.8,17.2,0,6.7,3.5,-1.8,50.3,10.8,16,0
12,22.9,0,6.3,1.2,2.7,61.8,8.9,15.1,0
13.8,17.2,21.8,6,1.6,10.5,81.3,1.1,14.1,0
14.8,24.6,0,2.8,0.5,4.4,63,8.9,17.6,0
17,27.5,0,3,0.6,2,49.8,12.3,19.6,0
-3.9,3,0,3.5,0.9,-11.4,61.8,8.1,-1.9,0
-4.8,2.8,0,2.8,0.3,-11.8,64.5,7.9,-2,0
-4.3,3.3,0,3,0.4,-9.3,64.5,7.2,-1.7,0
-2.2,2,3.3,5.5,1.4,-9.4,61.3,4.6,-1,0
-6.4,1.7,0,3.5,0.5,-13.3,63.8,8.6,-1.8,0
-3.1,4.1,0,2.2,0.1,-7.8,71.3,3.5,-1.1,0
0.9,5.4,3.4,4.7,1,-2.1,81.3,0,0.4,0
-0.2,5,0,3.5,0.7,-8.2,59,8.4,0.5,0
0.6,9.3,3.6,5.3,0.5,-7,62.5,5.2,0.3,0
2,4.9,5.4,1.5,0.1,-0.3,84.5,0,0.6,0
1.6,3.6,0.8,3,0.7,-1.1,80.3,0,0.8,0
-0.9,6.5,0,3.7,0.4,-7.2,68.3,7.9,1,0
1.2,10.2,0,3,0.8,-7.8,60,6.6,0.5,0
2.3,11.8,0.3,1.8,0.3,-8.3,56.5,5,1,0
2.4,4.6,10.3,3.2,0.7,-0.2,83,0,1.1,0
0,6.3,0,3.3,0.7,-11.4,47.8,7.8,0.4,0
-2.5,5.2,0,1.7,0.2,-10.3,59.8,9.2,0,0
-0.8,2.4,0,6.5,1.9,-7.3,63,0.3,-0.1,0
-3.7,0,0,6,2.8,-16.5,37.8,7.9,-1,0
-6.3,-0.6,1,4.8,1.9,-13,60,4.9,-1.3,0
-7.4,-4.4,2.7,9.3,3.6,-20.3,40,8.4,-1.1,0
-10.4,-7.7,0.2,8.3,2.5,-22.4,40,5.7,-2.6,0
-12.1,-7.4,0,6.3,2,-24,39.5,7.4,-4.6,0
-10.7,-3.3,0,4.5,1.4,-18.6,58.8,9.5,-4.5,0
-6.8,2.4,0,3.7,1.2,-15.3,57.5,9,-2.6,0
-1.2,4.8,0,3.8,1,-7.7,64.8,6.5,0.4,0
2,7.2,3.8,4,0.7,-1.3,79.5,1.8,0.6,0
3,6.8,0,5,2,-7.1,55,9,2.2,0
-0.4,6.7,0,3.7,0.7,-13.1,44,9.6,0.7,0
0,7.4,0,3.7,1.1,-10.6,51.3,9.1,1.2,0
2.8,9.2,0,3.8,1,-6.9,53.8,7.5,2.8,0
1.1,11,0,2.5,0.4,-7.7,60.8,8.3,1.3,0
4.2,14.8,0,4,0.4,-4.1,62,8,3.7,0
4.9,15,0,3,0.5,-1.6,69.8,8.6,4.5,0
4.2,9.8,0,5,1.4,-3.4,61.5,4.6,4,0
1.6,3.6,13,3.5,1.7,-1.9,78.3,0,2,0
1.1,3,2.3,2.3,0.6,-1.3,83.8,0,2.2,0
1.8,4.6,11.5,1.8,0.2,-1.8,78.3,0,2.6,0
3.7,8,1.1,2.3,0.4,-1,73,0,3.8,0
4.6,10.8,0,4.3,1,-6.5,54.3,9.6,4.7,0
2.1,8.6,0,5,1.4,-6,59.3,5.2,3.8,0
0.7,5.9,0,6.8,1.5,-14.1,35.5,9.9,2.6,0
1.2,7.4,0,5,1.8,-7,64.3,3.5,3,0
1.5,3.4,0.7,3.8,1.6,-2.2,77,0,2.4,0
2,9.4,0,4,1.4,-11.7,45.3,9.5,3.6,0
3.7,12.4,0,4.7,0.8,-6.1,55.3,9.2,3.5,0
8.1,18.4,0,4,0.8,-0.6,58,8.6,7.2,0
9,12.8,0.8,3.5,1.1,5.3,78.5,0,8.1,0
4.9,7.9,0,5.7,1.7,-6,45.8,2.9,6.5,0
5.2,11.1,0,3.2,1.4,-4.5,50.5,2.1,5.8,0
7.8,18,0,4.7,1,-3.3,55.8,9.5,8.3,0
9.7,18.4,0,5,1.1,-1.2,53,8,10.9,0
12.7,19.8,0,5,0.9,2.8,53.5,7.4,12.7,0
7.8,15.1,8.7,7.7,2.4,-1.3,59,8,10.3,0
4,6,7.4,3.2,2,0.9,80.5,0,6.6,0
5.5,10.3,0.3,2,0.4,0,68.3,1.9,7.7,0
7.1,11,0,4.7,1.2,0.1,62.8,1.1,7.8,0
6.6,11.3,0,6,2.1,-4.5,52.5,8.1,9.2,0
1.8,7.8,0.2,7.3,2.3,-9.5,49.5,10.1,6.4,0
1.8,8.3,0,3.3,1.1,-8.8,53.8,11.1,7.8,0
4.1,11.8,0,4.5,1.3,-7.7,48.8,10.9,8,0
7.2,15.8,0,5,1.2,-3.5,50.3,9,11,0
7.4,17.3,0,3.8,1,-6.8,48,10.3,10.4,0
8.9,19.2,0,4.2,0.9,-6.3,45,10.6,9.8,0
13.1,22.2,0,5.5,1,-0.3,47.3,7.7,13.7,0
13.7,23,0,3.7,1.2,-1.1,38.3,10.5,15.8,0
12.7,23.6,0,3.3,0.9,-0.3,45.5,10.6,12.8,0
14.9,25.3,0,4.7,0.8,0.6,46.8,10.1,17.5,0
14.3,22.6,0,3.7,0.6,6,58.5,1.5,12.9,0
16.6,24.1,0,4.7,1.4,4.6,48.8,3.6,15.5,0
16.4,22.2,10,6.7,1.7,5,49.8,0.3,16.2,0
13,16,16.2,5,2.1,9.5,79.3,2.7,13.8,0
11.7,18.9,0,6,1.8,0.1,51.5,10,13.5,0
10.9,18.9,0,6.2,1.5,0.1,50.3,4.3,12.6,0
11.5,22.7,0,3.5,0.7,-2.2,53.3,9.6,14.6,0
11,20.2,29.1,3.7,0.6,7.3,78,3.6,11.3,0
10.5,15,34.3,5.3,2,4.8,69.5,4.9,11.9,0
9.8,19.7,0,5.8,1.7,0.4,55.3,10.3,13.5,0
10.3,18.8,0,7,2,0.6,54.5,11.4,13.5,0
11.6,21.2,0,4.8,1.5,3.4,58.8,10.4,15.4,0
12.8,21.5,0,4.5,1,2.3,53.8,10.4,14,0
14.4,24.2,0,5.2,1.3,1.9,44.8,10.9,16.9,0
16.5,23.8,0,4.7,1.1,9.2,62.5,9,19.1,0
15.2,23.1,0,5.5,2,10.5,75.8,6.2,17.9,0
13.6,20.9,0,4.5,1.6,3.4,53.5,11.6,18.2,0
13.3,23.3,0,5.2,1.5,3.6,56.5,11.1,15.8,0
15,23.4,0,4.8,1.4,6.1,59,11.1,18.5,0
14.3,19.6,5.3,4.7,1.5,6.2,60.8,5.2,16.4,0
12.8,21.4,5,10,3,3.3,57.3,10,15.7,0
-3.9,3.2,0,3.5,0.7,-10.4,65.8,6.6,-0.1,0
-4.3,1.9,0.4,3.8,0.6,-8.9,72.8,3.3,-0.5,0
0.3,4.4,7,2.7,0.4,-2.6,81,0,-0.4,0
-3,1.9,0,2.2,0.6,-8.5,67.3,3.3,-0.9,0
-5.2,3,0,2.3,0.3,-11.7,65.5,7.1,-0.6,0
-4.8,3.2,3.1,5,0.8,-10,71,1.3,-0.9,0
-6.9,1.3,0,5.3,0.6,-13.3,65.3,5.1,-0.6,0
-5.9,0.3,0,4.2,1.4,-16.1,47.8,8.1,-0.7,0
-5.4,2.8,0,3.7,0.9,-12.8,60.5,7.3,-0.6,0
-1,5.3,0,5.3,1.3,-10.9,53.3,4.6,0.3,0
-3.7,5.3,0,4.8,0.6,-11.6,58,7.7,0,0
-3.2,1,0.1,2.8,0.3,-6.9,75.5,0,-0.9,0
-0.3,3.4,0,4,2.2,-12,43.8,6.4,0,0
-1.1,4,0,4.7,1.1,-9.2,55.5,3.7,-0.3,0
2.1,7.3,1.6,7,2.1,-6,58.3,2.7,0.4,0
-3,1.3,0,5.3,2.4,-20.4,24.8,7.6,-0.4,0
-4.3,2.8,0,3.2,0.7,-14.2,51,7.9,-0.8,0
-1.5,2.3,0.9,5.2,1.1,-6.1,72,0,-0.3,0
-5.1,0.8,0,5,1.3,-16.5,47.5,7.2,-1,0
-4.5,2.3,0,3.7,1,-16.2,47.3,7.8,-0.4,0
-1.8,2.9,0.4,5,1.6,-11.8,53.3,4.5,0.2,0
-2.4,5,0,3.5,0.7,-12.2,58,5.8,0,0
2.3,5.3,3,6.2,3,-6.5,54.5,5.1,1.3,0
0.1,4.9,0,6.3,2.5,-9.3,51.5,5.7,0.2,0
0.4,9,0,3.7,0.6,-9.1,58.3,7.9,1.5,0
2.6,13.3,0,5.3,1,-8.8,51.5,8.1,1.6,0
4.9,16.2,0,2.3,0.3,-1.6,67.8,7,1.5,0
7.4,15.5,1,1.7,0.1,1.7,70.8,2.5,5.3,0
10.3,14.2,5.6,1.7,0.3,8.5,88.3,0,7.7,0
9.1,12.8,3.3,3.3,1.3,4.1,71.5,0,7.8,0
5.9,8.7,0,3.8,1.5,-3.8,51,0,6.5,0
4,10.4,0,3.7,0.8,-7,49.5,6.8,6.1,0
3.7,9,0,4.7,0.9,-6.3,50.8,2.4,5,0
2.3,4.7,2.2,4.3,1.9,-1.2,77.3,0,3.7,0
1.1,5.9,0,4.3,1.3,-8.7,51.5,4.8,2.8,0
0.2,7.2,0,5.7,1.2,-8.6,56,5.7,2.2,0
2.7,10.3,0,4.3,0.8,-5.6,59,6.9,5,0
4.3,13.1,0,3.2,0.6,-4.8,59.5,8,5.9,0
3.4,9.7,0,4,1.2,-5.7,57.8,2.8,5.6,0
4.5,14.2,0,4.7,0.6,-8.4,48.5,5.4,6.4,0
4.7,10.9,0,3.3,0.6,-1.1,65,1.4,5,0
5.2,15.8,0,2.7,0.5,-5.5,58.8,6.1,7,0
7.6,16.2,0,3.7,0.4,-2.1,55.8,0.6,6.5,0
10.5,18.8,0,3.2,0.9,-1.4,49.8,5.9,9.5,0
5.4,7.7,0,3.2,1.4,-3.4,54.8,0,6.5,0
4.2,8,0.5,5.3,1.9,-4.3,54.8,0,5.6,0
4,7.6,2.4,2.7,0.6,0.3,77.8,0,5.2,0
5.8,12.4,0,5,1.5,-4.4,57,5.4,8.4,0
5.2,11.4,0,5.7,0.9,-4.6,56,1.7,6.2,0
6.6,11.2,0.1,5.7,1.6,-5.3,47.8,3.2,7.7,0
5.3,13.6,0,2.8,0.6,-5.1,53.5,7.9,8,0
6.3,8.1,13,5.3,1.2,2.3,77.5,0,6.6,0
5.9,9.7,0,4,0.8,2.4,79.8,0,6.8,0
7.5,11.6,0,3.7,1.2,-1.1,57.3,4.6,8.8,0
9,17.5,0,2.5,0.6,-3.5,50.5,7.9,10.8,0
10.8,19.8,0,3.3,1.2,-6,39,8.7,11.8,0
10.7,19.2,0,4,0.9,-2.5,48.3,8.1,12.6,0
11.1,19.5,0,5,1.2,0.3,53,7.6,13.7,3
10,19.7,0,4.3,0.8,0.7,59,7.7,13.3,0
10.8,19.9,0,3.2,0.6,0.4,56.5,6.4,12.2,0
13.4,19.4,0,6.3,1.8,0.8,45.3,6.9,14.9,22.8
12,19.4,0,4.2,1,3,61,7.9,14.6,0
11.8,21.1,0,3.7,0.6,0.7,56.8,6.2,12.9,0
13,21.8,0,3.3,0.6,2.4,54,2.5,13.6,0
13.5,23.5,0,4,0.9,2.5,52.8,9.2,16.3,0
12.3,21.8,0,6,1.6,4.5,64,7.5,15.4,0
12.1,18.8,0,6.2,2.8,4.1,59.3,8.4,16.6,0
11.1,18.3,1.3,4,1.5,6.2,74,4.5,13.4,0
14.8,24.1,3,6.2,1.3,4.1,61,6.8,17.1,0
9.1,13.3,18.3,4.5,1.6,4.6,73.5,0,10.7,0
7.3,12.7,6.6,6.3,1.4,2.5,73.3,2.1,10.4,0
5,8.8,0,6.7,2.7,-3.9,53,1.6,7.4,0
6.6,13.6,0,2.7,0.6,-1.6,61.8,4,10.5,0
8,15.5,0,5.2,1,-2.2,56.8,6.9,11.5,0
5.2,8.3,9.9,7.5,2.2,1.9,79.3,1.9,7.7,0
6.5,10.9,0,5,0.8,-0.1,65.8,0.7,9.2,0
11.3,19.7,0,6.3,1.8,-3.1,45.8,5.9,13.1,0
12.4,16.1,20.7,5.2,2.3,7.9,73.8,0.8,12.4,0
10.7,17.4,0,6.3,1.9,0.3,54.5,9.2,15,0
12.3,21.8,0,4,0.9,2,54.3,10.1,15.8,0
12.2,22.6,8.5,6,1.2,8.2,77.3,1.1,12.2,0
12.7,19.4,0,8,2.1,-0.4,52,7.6,15.3,0
13.8,22.9,0,6.7,2.3,-3.6,39.3,10.4,15.8,0
14,19.2,0.6,8.7,3.3,-2,40.3,7.7,14.6,0
11.7,20.6,0,5.3,1.3,2,56.8,9.1,16.1,0
13.3,23.3,0,4,1,2.4,54.3,11,18.3,0
13.9,24.6,0,3.7,0.9,-0.7,47.8,11.2,19.1,0.5
11.1,15.8,2.2,6.7,0.5,7.6,80,1.8,13.6,0
14.6,21.7,0.6,5,1.9,3.1,57.5,7,17,0
10.7,12.6,4.3,2.5,0.6,8.4,85.3,0,12.3,0
-2.1,3,0,4.7,2.6,-12.1,46.8,8.6,0.2,0
-3.7,5.2,0,2.5,0.6,-12.4,57.5,8.8,-1,0
-2.6,4.8,0,1.7,0.4,-6.5,76.8,4,-0.7,0
1.3,7.8,0,3.3,0.7,-2.5,78.5,5.5,1.6,0
1.8,12.5,0,3.7,0.8,-2.1,78.3,5.7,1.5,0
7.9,19,0.9,6,2,3.5,77.8,6.5,3.9,0
0,7.8,0,6,3.4,-8.2,55.8,5.7,1,0
-4.2,1,0,4,1.6,-14,47.5,7.7,0.1,0
-2,3.1,0,3.7,1.5,-10.1,54.5,7.4,0.6,0
-2.5,5.1,0,4.3,0.6,-7.3,73.5,9.2,0.6,0
1.2,6.4,1.6,4.7,1,-5.4,65.8,4.5,1.2,0
-1.5,4.9,0,4.3,1,-4.5,79.5,5.9,-0.2,0
-1.1,4.8,1.9,2.8,0.6,-2.2,91.8,3.8,-0.5,0
-0.6,7.5,0,3,0.8,-5.9,72.3,8.1,1.3,0
-0.4,7.4,0,1.3,0.3,-6.5,69.3,5.9,0.6,0
2.4,4,30.1,4.7,1.9,0.8,89.8,0,0.9,0
3.4,5.2,1.6,4,1.4,0.8,83.8,0.8,1.9,0
2.2,7.3,0,3,1,-2.5,73.8,5.3,2.4,0
0.6,9.9,0,1.5,0.5,-4.9,71.5,9.1,1.4,0
2.1,9.4,6.8,5.7,1.7,-3.6,69.5,4.7,2,0
2.9,4.7,23.5,2.7,0.9,1.8,92,0,2.6,0
-0.9,3.4,0.2,7.3,3.9,-5.9,69.8,2.2,1.1,0
-5.5,-1.9,0,6.7,3.6,-16.2,42.5,7.1,-1.3,0
-5.2,0.3,0,3,1.2,-14.4,49,9.5,0.8,0
-4.1,3.6,0,2.5,0.8,-9.9,68.8,8.9,1.1,0
-2.1,4.1,0,3.3,1.1,-7.7,69,7.4,0.7,0
-1,5.6,0,3.3,0.8,-5,75.5,4.5,1.7,0
-0.6,2.9,0.8,7.7,3.6,-6.5,65.8,6.4,0,0
-3.9,0.3,0,6.7,2.7,-12.8,50.3,8,-0.2,0
-2.1,5,0,5.7,1.9,-9.9,58.5,9.4,1.2,0
1,5.5,0.1,4.5,1.1,-2.3,80.3,3.3,1.8,0
3.2,10.6,0,3.7,1,-2.9,69.8,7,3.9,0
4.3,13.6,0,6,1.6,-1.2,70.8,7.2,4.5,0
4.9,8,7.8,4.7,1.4,3.2,88.8,0,4.3,0
3,7,1.7,3.3,1.3,-1,75.5,0.5,5.3,0
1.3,9.1,0,4.3,1,-4.2,71.8,7.8,5,0
1,7.7,0,4.3,1.3,-5.6,65.8,6.6,2.6,0
2.2,6.8,0.2,3,0.8,-1.4,78,0.9,3.1,0
3.8,11.5,0,4.3,1,-2.1,71,5.4,7,0
5.6,12.3,0,3.8,1.3,-2,62.8,8.4,8.7,0
4.7,14.4,0,3,0.8,-2.9,64.5,8.6,3.6,0
5.2,11.4,0.9,2.7,0.7,0.2,72,0.3,4.4,0
6.2,12.4,0.6,6.3,2.3,-0.5,64.8,8.9,9.3,0
2.3,8,0,3.7,1.3,-5.8,58.5,7,6.5,0
2.4,9.4,0,3.3,1.3,-6.9,53.3,8.7,5,0
4.3,9.4,0,3.7,1.6,-2.7,61.8,7,8.5,0
3.2,8.4,0,3,0.9,-2.4,70.3,3.6,5.4,0
3.8,12.2,0,3,0.9,-3.1,66,9.5,6.6,0
4.3,12.3,0,5.2,1.4,-2.7,65.8,9.6,7,0
6.8,15.4,0,3,1,-1.3,61.3,9,10.2,0
7.1,15.8,0,4.3,1.2,-0.8,62.8,6.9,8.5,0
3.6,5.8,13.4,3,0.7,2,89.5,0,4.5,0
6.8,12.6,0,4,1.2,3.5,81.3,5.6,8.5,0
8.7,15.8,0,4.2,1.3,3.7,75.3,7.6,11.1,0
8.6,18.6,0,4.8,1.3,0.6,64,7.7,10.2,0
7.9,15.6,0,6.3,2,-0.1,60.5,8.1,10.8,0
6.6,12.9,0,4.3,1.6,-2.8,55.3,10.1,9.5,0
5.9,12.4,0,5,1.3,-1.1,63,6.5,8.8,0
5.7,9.4,23.5,5,1.2,3.5,85.8,0.9,7.7,0
9.3,15.8,0,4,1.3,2.9,67.5,9.1,12.8,0
9.3,18.6,0,3.5,1,2.2,66,8.7,12.1,0
11.1,18.7,0,4.3,1.2,3.1,62.3,7.6,12.4,0
7.4,11.8,0.9,4,1.5,4.8,83.5,0,7.8,0
5.9,14.4,0,4.7,1.3,-3,61.5,10.6,11.1,0
6.2,13.8,0,6,2.4,-1.2,63.8,5.6,9.8,0
4.1,7.2,0,8.2,3.9,-3.9,58,6.8,7,5.5
2.3,6.6,0,7,2.9,-1.7,75.8,4.3,6,0
4.7,11.1,0,4.7,2.2,-4.8,55,10.4,11.7,0
1.3,5.2,2.7,5,1.2,-0.3,90.5,0,4.5,0
4.6,9.8,0.7,4.3,1.6,0.3,75.5,6.6,6.8,0
5.8,13,0,4.3,1.7,-1.5,65.5,5,9,0
7.3,15.2,0,5.5,1.9,0.2,63,9.4,10.5,0
9.5,18,0,7,1.8,-1.2,56.3,10.4,12.1,0
10.6,20.4,0,4.7,1.3,-2.3,43.8,10.1,13.2,0
11.3,20.4,0,5.8,1.5,1.1,51.5,9.7,14.7,0
12.6,21.1,0,7.3,2.2,7.5,74.3,8.5,15,0
14.5,23.4,0,4.7,1.5,7.4,67,9.7,17.2,0
16.4,26,0,4.8,1.1,8,63.5,7.9,18,91.5
17.1,26.6,0,4,1,8.7,62.5,9.8,19.4,8
16.9,26,0,6.7,1.9,8.4,61,7.6,20.6,4.2
16.6,22.6,6,5.2,1.8,10.8,70.3,6.1,20.1,0.2
17.6,23.8,6.5,6.7,2.3,11,69.3,11.3,19.4,0
12.7,18,3.3,7.7,2.9,8.5,76,2.8,13.7,0
10.5,16.5,0,7,3.1,2.5,59.8,10,13.2,0
10.3,17.9,0,9.7,3.4,3,64,10.1,13.7,0
13.3,19.2,4.8,3.3,1.2,7.6,73.5,6.2,16.6,0
11.3,12.6,16.7,4,1.9,9.9,92,0,12.3,0
11.8,15.3,4.9,6.7,2.4,8.3,79.8,0.3,13.8,0
13.2,18,7,3,1.3,9,77.3,5.2,16.1,0
-0.2,5.2,0,5.7,1.8,-5,72.8,7.7,0.8,0
-3.8,0.6,0.2,6.3,2.3,-9.5,69.3,7.1,-0.3,0
-3.1,3.8,0,4.3,1.6,-9.8,65,9.1,-0.2,0
-3.1,2.2,0,3,0.9,-8.5,69.5,2.6,-0.7,0
-2.8,3.8,0,1.8,0.4,-4.5,87.8,0.7,-0.7,0
0.6,5.2,0,3,0.6,-2.2,82.3,0.7,0.8,0
2.5,8.5,0,3,1.1,-2.4,75.3,6.3,2,0
-1.2,3.1,2.8,4.3,0.7,-2.7,89.5,0,-0.3,0
-4.5,2.2,2.6,7.3,3.1,-7.7,79.8,0,0,0
-10.3,-1.6,0,2,0.6,-14.7,73.8,8.6,-0.8,0
-5.1,0.3,0,3.7,0.9,-8.8,77.8,0,-0.3,0
-1,5.4,1.3,4.5,1.3,-4.6,78.3,6.5,0.2,0
-3.2,4.4,0,4,1.4,-8.8,69.5,9.7,0.7,0
-3.1,6.3,0,2,0.6,-7.9,73.8,8.7,0.9,0
0.7,8.1,0,3,0.7,-5.1,69.8,3.2,1.2,0
-0.1,7.4,0,3.3,1,-4.3,76.8,7.2,-0.1,0
0,10.7,0,2.5,0.5,-6.1,71,8.5,1,0
1.7,12.2,0,3.3,0.7,-4.5,71.5,7.7,1.4,0
1.8,11,0,3.7,0.7,-2.7,75.8,8.5,1.3,0
2.4,11.6,0,2.7,0.9,-4.3,68.5,5.5,1.5,0
1.6,5,0,9,3.4,-8.7,49.5,8.5,2.1,0
-1.9,1.5,0.2,4.2,1.1,-7,69,2.7,0,0
-0.8,5.3,0,4,1.3,-7.3,66.5,7.7,2.6,0
-1.2,8.4,0,3.3,0.8,-8.6,65.3,9.4,2.3,0.1
-1.3,6.5,0,2.2,0.7,-7,68,7.2,0.7,0
-0.3,8.6,0,2.8,0.8,-6.7,67.8,9.1,2.6,0.3
1.5,10.2,0,3.7,1,-5.8,63,8.2,3.3,0
1.6,7.2,0,7.7,2.3,-4.4,67.5,6,2.8,0
-1.8,4.7,0,5,1.7,-10.6,53.3,9.1,1.2,3.5
0.8,7.6,0,5.7,1.8,-4.7,71.5,8.4,3.2,0
2.5,6.1,1.4,4.3,1.4,0,85,0.4,2.8,0
2.9,6.7,7.9,3.3,0.9,0.9,87.5,0,4.3,0
2.9,8.2,0.4,3.2,1,-0.5,81.5,4.2,5.2,0
4.3,13.3,0,5.3,1.4,-1.2,72.8,6.7,5.1,0
8.7,11.6,4.9,10.7,2.4,5.8,82.3,0.7,8.3,0
8.6,13.8,0.7,6,1.6,2.7,69.5,3.3,8.4,0
1.2,5.2,0,5.7,2.9,-10.7,41.8,9,3.9,0
-2,3.4,0,6.3,2.4,-12.6,46,9.3,2.4,0
0.3,6.1,0,5.7,1.6,-4.1,74.3,4,2.9,0
4.7,10.3,0,6,1.9,-4.6,57.5,7,6.7,0
0.6,5.4,0,7,2.8,-9.1,49.8,8.5,3.5,0
-0.1,5.6,0,8,2.3,-9.6,51.3,9.2,3.1,0
1.3,7.6,0,5,2,-5.4,67,9.4,3.6,0
2.2,9.7,0,8.7,2.1,-2,76,4.3,3.9,0
3.7,11.1,0,4.5,1.8,-4.2,63.3,9.4,5.9,0
3.4,12,0,4.3,1.4,-7,54,10.1,5.9,0
4.1,13.9,0,5.3,1.3,-3.9,60,9.4,6.1,0.7
5.1,12.9,0,3.7,1.4,-1,69.3,7.8,7.3,0
5.4,11.9,0,7,2.9,-0.4,69,6.5,6.6,0
4.2,5.9,11.7,11,3.4,2,87,0,4.8,0
4.2,8.4,0,7,3.2,-4,58.5,10.5,7,0
-0.6,3.1,10.2,8.3,2.3,-2.1,89.3,2.8,2.7,0
-0.1,4.4,0,7.7,2.6,-5.8,67.3,5.3,2.7,0
0.4,6.1,0,5,2,-4.2,74.5,4.5,3.4,0
4.6,11.4,0,6.7,2.3,-2.5,64.8,10.4,7.3,0
6,12,0,7,1.9,2.6,79.5,0.9,6.8,0
7.9,14,0,4.8,1.7,2.5,72.5,7.6,9.3,0
6.1,15,0,5.7,1.7,-3.4,59.5,11.1,9.6,0
8.6,19.2,0,2.7,1,-0.3,56.8,10.4,11.5,6.1
10,18.9,0,4.8,1.3,3.6,67.8,3.7,13.5,0
9.8,18.9,0,6.3,2.1,5,74,9.8,11.4,0
13,22.7,0,4.3,1.2,6.3,69.3,7,14.6,0
13.7,22.6,0,3.3,1.2,7,67.3,9.2,14,0
15.2,27.7,0,4.3,0.8,4.7,58.3,10.4,15.9,0.5
17.4,28.9,0,7,1.5,10.1,65.3,7.4,16.4,0
16.4,23.7,0,5.7,1.6,9.9,68,4.9,16.4,0
8.9,11.4,0,5.3,1.8,-0.3,52.5,2.4,10.5,0
7.4,15.4,0,3.3,1.2,0.9,68.5,7.7,11.9,0
9.7,18.3,0,5.3,1.2,1.9,62.8,6.6,13,0
14.6,23.1,0,6.3,1.6,4.8,55,7.7,16.5,6
12.6,17.9,16.6,10,3.7,10.4,86.8,0.3,12.8,0
8.9,14.8,0,8.5,3.1,-2,51.5,11.1,11.3,0
9.2,17.4,0,8.8,2.3,0.9,60.8,10.1,11.2,0
11.7,21.2,0,6,1.6,3.8,63.8,10.9,14,0
12.7,20.9,0,6.3,1.7,5.8,65.8,9.6,14.6,0.5
13.6,22.7,0,3.2,0.9,7.1,67.5,9.7,14.4,0
13,19.8,0,7,1.1,8.7,79,0.8,12.5,0
15.9,27.1,0,6,1.1,7.3,63,11.1,17,0.3
17.4,23.2,0,5.7,1.5,8.5,59.3,0,15.5,0
18.1,27,0,7.3,2.2,6.4,51.3,10.8,19.3,0.5
16.2,18.5,0.8,4.3,1,10.2,73.3,0,16.1,0
16.9,23,2,5.7,1.8,13.5,81.8,6.6,17.4,0
14.6,23.6,0,5.7,1.4,3.1,55.5,11.1,17.6,6.5
15,24.8,0,5.2,1.5,7.1,62,10.6,18.2,0
16.4,26.7,0,3,0.9,6.4,58.8,11.5,19.3,0.9
15.8,22.5,0,5.3,1.5,8.1,63.5,4.8,17,0
15.3,23.3,0,6.3,1.9,6.8,63.5,8.4,19.7,0
16.8,23.2,0,4.2,1,12.2,75.3,9,18.6,0
18.3,24.2,0,7,3.1,12.4,69.3,2,19,0
-7.6,2,0,3.2,0.5,-12.3,71.3,7.8,-3.6,0
-5.7,5.7,0,3.5,0.5,-12.1,68.3,8.5,-1.9,0
-4.9,3.5,0,3.7,0.7,-8.9,76.3,7.9,-1.7,0
-4.2,2.4,0,4.5,1.1,-9.8,68.5,6.6,-2.2,0
-5.7,2.1,0,4,1,-11.3,69.8,8.4,-2.1,0
-4.4,3.7,0,6.3,1.4,-9.8,69.8,8.8,-1.8,0
-2.4,8,0,4.5,1.1,-7.7,72.5,9,0.2,0
0.2,8.5,0,2.5,0.6,-3.9,76,6.6,1.4,0
1.7,9.1,0,3.7,0.9,-2.5,77,4.8,2.3,0
-0.3,9,0,3.8,0.7,-6,71,9.1,2.4,0
1.1,11.4,0,5.3,1,-3.6,74.8,8.4,2.9,0
2.2,6.5,0,2,0.4,-0.3,84.3,0,1.3,0
0.2,7.1,0,5.2,1.5,-6.7,68.3,8.1,2,0
-1.8,5.4,0,4.8,1.5,-9.5,59.5,8.7,1.2,0
-0.8,4.6,0.1,5.7,1.8,-8.6,60.8,5.8,0.9,0
-3.4,3.9,0,5,1.6,-12.2,55.8,9.1,-0.9,0
-2.7,6.5,0,4.3,0.9,-10.3,61.5,8.8,-0.3,0
-1.3,8.4,0,2.3,0.6,-8.8,61.5,5.6,0.4,1
0.2,10.4,0,4.5,1,-6.9,63.8,8.4,1.6,0
-0.7,5.2,0.1,3,0.5,-3.6,81,0,0.2,0
-0.5,7.2,0,2.3,0.5,-7.6,64,7.1,1.9,0
-1.2,8.8,0,4.3,0.9,-9.9,58.3,9.2,1.5,0
-0.4,8.8,0,4.5,0.9,-8.7,57.8,7.8,1.7,0
0.7,9.6,0,2.7,0.6,-7.1,61,7.8,2.3,0
-0.5,5.2,0.9,6.3,0.5,-3.3,81.5,0,-0.3,0
0.8,2.2,0.8,4.3,1.6,-2.2,80.8,0,0,0
0.1,8.3,0,5,0.9,-5,71.8,6,3.4,0
4,7.8,1,8.3,2.7,-0.8,71.8,1.6,3,0
2,7.7,0.1,3.7,1.2,-4.1,65.3,3.6,4.5,0
1,8.5,0,2,0.5,-5.4,67.3,5,2.9,0
-0.4,6.1,0.1,5,1.1,-5.3,72.8,3.7,1.9,0
-0.9,5,1.1,6.5,1.3,-4.6,78.3,2.7,0.1,0
1.3,9.7,0,5.7,1.8,-6,60.3,8.5,3.1,0.65
4.2,11.7,0,4,1,-3,65.8,5.7,4.3,0
5.1,14.3,0,5.3,1,-1.6,66.3,7.9,5.5,0
6,17.2,0,3,0.7,-3.8,57.5,9.3,6.1,0
6.2,14.2,7.1,8,1.9,-0.7,64.3,0.3,5.8,0
3.3,7.2,7.9,10.8,3.9,-0.3,77,1.2,5.1,0
2.6,6.1,0,3,0.9,-0.8,79.3,0,3.8,0
3.6,7.5,3.5,3.3,1.2,0.6,81.5,1,5.7,0
5,10.3,0,3,1,0.2,72.5,3.8,7,0
4.3,13.2,0,4,0.9,-1.4,70.8,7.6,4.8,0
8.2,18.3,0,6,1.5,-2,56.5,8.8,7.5,0
6.8,9.9,12.2,8.8,2.1,4.8,87.5,0,7.3,0
1.3,6.4,0,7.3,3.5,-9.8,46.5,10,3.6,0
-0.5,5.4,0,7.7,2.3,-7.2,61.8,5,2.3,0
2.3,9.7,0,7.5,2,-7.5,53.3,7.6,3.1,0
7.8,15.5,0,9.3,2.4,-1.6,54.8,7.8,6.7,0
12.1,18.2,0,7,2.5,5,62.8,4.5,9,0
9.2,11,0,10.2,3.1,4.3,71.8,0,8.4,0
7,8.5,2.3,3,1.1,4.6,84.8,0,7.6,0
4.1,5.4,2.2,3.2,1.6,2.4,89,0,5.4,0
4.1,7.2,0,4.8,1.3,-0.4,73,0.8,5.5,0
5.1,10.4,0,7,2.3,-3.2,57.5,9.1,8.7,0
5.3,10.8,5.2,7.8,1.8,-0.7,67.8,3.6,5.5,0
4.3,11.8,0,3.5,1,-3.7,60.3,7.2,6.2,0
6.5,11.4,0,1.8,0.7,1.3,69.5,1.1,8.1,0
7.8,15.6,0,2.3,0.7,-0.4,59.8,2.9,7.7,0
3.8,7.2,3.9,8.5,1.9,-0.1,76,0,4.9,0
4.3,10.4,0,6,2.5,-4.6,54.8,8.3,6.2,0
2.7,8.3,0,7.3,2.6,-8.3,45.8,6,4,0
3.5,12.6,0,6.7,2.1,-6.2,52.8,9.7,6.1,0
6.1,15.5,0,4.7,1.3,-3.4,54.8,9.8,9.3,12.8
7.4,16.2,0,5,1.5,-3.1,55,9.5,10.3,0
3.9,7.7,1.5,3.3,0.8,1.4,83.8,0,5.1,1
8.1,16.8,0,8,1.7,-1.7,55,9.3,9.9,0
14.4,21.5,0,8.8,2.7,1,40,7.8,11.9,0
12.2,16.8,0,5.7,2.4,-0.9,45,6,12.1,0.2
7.7,15,0,5.3,1.8,-4.8,43.5,10.3,11.4,2
4.4,12.6,6.1,7.5,1.6,1.2,80,3.3,7.7,0
6.7,12.6,0,6.8,2.5,1.1,68.5,6.2,9.6,0
9.9,20,0,4,1.1,1.1,62.3,7.9,12.8,0
14.8,23,0,3,1,3.5,51.3,6.8,15.2,0
14.4,22.9,0,4.2,1.4,5,55.8,8.3,16.3,1
12.9,18.9,0,6.3,1.8,8.4,74.5,5.7,15.5,0
14.4,23,0,6,1.3,4.7,60.8,9.3,17.4,0
13.4,22.3,0,6.3,1.9,4.2,57.5,6.2,15.2,0.2
9.9,15.9,0,6.3,2.8,0.7,59,6.8,14,0
9.8,18.7,0,5.2,1.5,-1,52.3,11.4,15.4,1.7
9.5,17.3,15.5,8.3,1.6,4.2,70.5,0.5,11.5,0
13,15.3,19,3.3,1,11.4,90,0,13.1,0
13,18.1,1,10,3.2,1.3,48,9.6,16.1,0
11.1,19.3,0,7.8,1.9,0.5,49.8,9.1,13.6,0
11.7,21.4,0.2,10,2.4,2.3,56.3,9.9,15.4,10
13,20.3,0,6.5,2.5,1.2,47,11.3,17,0
13.3,22.5,0,3.8,1.2,2.6,52.3,7.7,15.6,0
15.5,25.7,0,4,1,3.7,51.8,11.1,19.2,0
16.4,24.5,0,5,1.1,6.2,53.3,4.9,17.5,0
17,28.1,0,4.3,1.2,6.6,55.3,9,18.9,0
-10.5,-4.8,0,8,2.6,-17.2,58.5,5.9,-3.3,0
-11.2,-4.7,0,4.2,1.2,-18,59.5,8,-4.3,0
-8.9,0.3,0,3.5,0.8,-13.9,70.8,8.1,-3.8,0
-3.4,2.2,7,3.5,0.7,-5.2,88.8,0,-2,0
-5.6,0.9,0,7,3,-11.3,64.8,7.7,-1.2,0
-10.4,-3.1,0,1.8,0.6,-14.8,73,8.6,-3.1,0
-9.1,-0.6,0,1.7,0.4,-13,76.3,2.3,-3.9,0
-6.2,0.3,0,4.8,0.9,-8.6,83.8,0,-2.7,0
-7.3,-3,0,3.7,1.4,-11.4,74,2.9,-3.6,0
-8,-0.5,0,3,0.9,-13.4,68.8,8.3,-3.3,0
-5,3.7,0,4.2,0.6,-8.1,83,3,-1.7,0
3.2,12.1,0,3.3,0.6,-1.6,82.3,5.1,1.5,0
4.5,14.5,0,1.5,0.4,1.9,84.5,3.1,1.9,0
3.4,11.4,0,1.7,0.3,1.8,89.5,1.4,1.7,0
2.4,8.4,0,5.3,1.7,-5.3,60.8,6.2,2.8,0
-1.6,3.6,0,4,1.2,-9,51,6.6,0.9,0
-0.7,5.1,0,3.8,1.1,-8.4,56.8,5.9,1.3,0
-1.5,2.7,0,3,0.7,-4.9,77.8,1.9,0.4,0
-2.5,2,0,4.3,1.5,-11.6,53.3,8.1,0.7,0
-4.9,1.6,0,5.7,1.5,-12.6,61.5,9.4,0.2,0
-5.3,1.8,0,5.3,1.4,-12,63.5,9.3,-0.3,0
-4.1,3.5,0,5.3,1.6,-10.8,65.5,9.6,-0.3,0
-1.7,5.7,0,4.8,1.4,-7.4,69.5,8.8,1,0
-1.7,7.3,0,3.3,0.7,-7.3,70.5,8.4,1,0
-1.1,5.5,0,4.3,0.8,-5.2,77.3,5,1,2.2
0.1,7.3,0,6.5,1.7,-5.2,71.5,4.8,0.7,0
-1.8,3,0,5.5,2.5,-8.1,63.3,7.5,1.4,0
-2.3,6.5,0,4.2,1,-6.6,75.5,9.3,1.9,0
0.4,7.9,0,4.8,0.9,-4,75.5,4.1,2.4,1.5
1.2,4.6,0.2,5.8,3,-5.3,65,8.6,2.9,0
-0.5,7.5,0,6.3,1.8,-5.9,70.8,8.2,2.1,0
0.2,7.8,0,5.5,1.6,-6.3,66.8,9.9,2.3,1.5
-0.8,6.9,0.2,5,0.8,-2,91,1.8,1.4,0
-0.1,8.6,0,3,0.8,-6.8,66.8,9.5,2.9,0
2.1,10.6,0,2.5,0.7,-2.6,74.8,4.2,3.4,0
5.3,6.2,15.7,5.8,1.7,4.3,93,0,3.9,0
3,6.4,0,8.2,2.7,-2.8,66,6.4,3.2,0
2.2,4.3,0,4.3,1.4,-0.3,83,0,2.3,0
1.8,9,0,6,1.6,-4.6,66.8,9.8,3.9,0
2.4,6.1,0,7,3.2,-6,56.8,8.2,3.8,0
-0.9,5.9,0,3.5,0.8,-5.8,69.8,5.9,2.9,0
0.1,8.2,0,2.2,0.6,-2.6,84.5,4.1,1.9,0
5.3,12.1,0,3,0.6,3.5,88.8,1.7,4.6,0
5.9,13.2,0,5,1,1.1,74,4.3,5.1,0
3,8.8,19.6,4.8,1.4,0.4,84.3,0,2.6,0
5,9,5.3,7.7,2.4,3.2,86.8,3.5,5.9,0
1.9,7,0.1,7,2.5,-4.8,63.3,7.8,3.9,0
2.2,7.6,0,4.7,1.6,-8.2,48,10,4.7,0
3.5,13.1,0,3,0.9,-3.2,67.8,8.1,5.4,0
2.3,7,12,4.8,0.9,1.3,92.8,0,2.9,0
6.6,11.5,0,3.2,1.1,4.3,86.3,6.4,7.6,0
5.2,10.3,0,6.2,2.4,1.6,79.8,1.9,5.6,0
4,8.9,1.6,5.3,1.3,1.9,87,1.2,5.3,0
5.6,11.5,0,4.7,1.9,1.8,79.5,8.6,8.2,0
6,15.5,0,3.2,0.9,0.6,72.3,8.3,8,0
7.4,15.5,0,4.8,1.1,0.5,67.8,7.2,8,0
6.9,14.5,0,3.7,0.9,1.3,73,3.8,7.6,0
9.5,18,13.2,5.8,1.5,5.4,80,5.6,9.3,0
8,10.6,15.3,7.5,2.5,7.1,94,0,7.9,0
5.9,9.9,0,5.8,2.2,2.5,80.3,3.1,7.4,0
3.9,9.8,0,7.7,2,-3.1,66.8,9.2,7.5,0
3,7.3,0,7.5,2.8,-4.8,59,9.2,6.7,0
2.9,8.4,0,6.7,2.9,-5.4,55.8,10.2,5.9,0
4.2,10.7,0,10,2.6,-2.5,67.3,9,7.1,0
7.9,16.3,0,5.7,1.5,0.9,67.5,8.6,9.5,0
5,12,1.5,7,1.2,4.1,93.5,0,5.9,0
9.3,15.2,0,5.8,1.8,6.6,85,6,10.9,0
9.9,17.3,0,6,2,3.4,69,8.6,11.6,0
9.2,16,0,6.8,1.9,-0.6,59.3,10.6,11.2,0
7.6,12.8,0,8.7,2.2,-4.5,47,9,11.4,0
5,10.8,0,7.2,1.9,-4.2,55.8,8.8,9.4,0
5.5,13.1,0,5.3,1.5,-2.2,62.3,10,10.1,0
6.8,15.5,0,6.3,1.8,-0.1,65.5,10.3,10.5,0
9.1,17.1,0,5.7,1.6,2.4,64,9.5,11.9,1.7
9.3,17.4,0,4.5,1.3,4.6,75,6.5,12,0
11.8,17,0,5.5,1.8,6.2,70.3,9.3,14.6,0
9.2,11.1,36.7,7.3,2,8.4,94.5,0,9.9,0
8.5,14.2,0,6.5,3,-1.2,57,10.6,10.2,0
8.5,16.5,0,3.2,1,0.5,61.8,10.3,11.5,0
9.3,15.4,0,4.2,1.2,4.8,76.5,5.7,12.4,0
9.2,16.5,1.2,5.7,1.5,6.5,86,8.1,12.6,0
10.4,19.4,0,7.7,1.7,4.3,72,10.6,13.4,0
12.9,21.6,0,4.7,1.4,5.3,66,11.2,16.5,0
13.3,21.9,0,4.5,1.4,2.1,49,10.3,16,0
15.7,22.7,0,3.8,1.1,6.7,57.8,8.1,17.9,0
17.8,24.3,0,5,1.4,8.5,57,10.5,19.7,0
19.1,26.6,0,4.2,1.2,11.3,64,8.4,21.5,0
18.6,25.5,0,3.8,1.4,11.4,65.8,8.7,19.4,0
16.4,20,2.1,7.5,2.1,11.7,76.3,0,16.2,0
15.6,17,5.5,6.5,1.7,14.2,91,0,14.9,0
-3.8,3.2,0,2.8,0.6,-8.3,74.3,6.8,-0.8,0
-5.2,1.6,0,3.3,0.9,-10.1,70.8,6.5,-2.1,0
-4.9,2.8,0,3.5,0.9,-10.5,68.6,7,-2.3,0
-4.1,4.2,0,1.3,0.4,-9.9,68.9,5.2,-1.8,0
-1.9,5.9,0,3,0.9,-8.9,61.6,4.5,-0.2,0
-1.6,2.4,0.8,4.3,1.5,-7.3,68.8,3.3,1.1,0
-4,5.4,0,3.3,0.5,-10.3,67.9,7.9,-1.1,0
-2.6,8.6,0,2.2,0.4,-10,64.5,7.2,-0.4,0
-0.6,10.3,0,2.2,0.4,-7.9,65.1,8,0.7,0
-2.2,3.2,0,5.7,1.6,-5.9,78.3,0,-1.5,0
-3.5,0.6,0.6,4.8,2.5,-9.4,65.8,4.7,-0.4,0
-4.5,2.2,0,4.3,1.3,-11.9,60.8,7.9,-1.5,0
-4.2,3.8,0,4.2,0.9,-11.4,62.5,8.2,-1.3,0
-2.3,6.8,0,3,0.6,-8.6,67.3,8,-0.3,0
1,7.2,0.1,5.2,1,-3.9,72.3,3.4,1.3,0
-4,2.3,0.7,6.3,2.6,-12,54.4,9.3,1,0
-5.2,2.1,0,3.8,1.3,-12.3,63.1,9,-1.1,0
-5,0.3,0.3,4.7,1.4,-10,72.1,0.7,-2.8,0
-2.3,6.2,0,4.7,1.6,-9.2,64.5,9,-0.6,0
3.2,9.4,0,6.7,2.1,-1.2,74.5,3.3,2.2,0
-0.1,4.4,0,6.2,2.8,-14.2,35.3,9.2,1.9,0
-2.1,7.2,0,2.5,0.7,-12.8,53,8.6,0.4,0
0.5,10.8,0,3.3,0.8,-7.1,62.1,7.7,2.3,0
3.2,13.3,0,3.2,0.6,-3.1,67.6,8.5,4.3,0
3.6,4.9,17.7,2,0.3,3.1,96.5,0,1.7,0
6.1,12.4,0,4.8,1,3.2,83.4,4.7,6.1,0
5.9,15.7,0,3,0.5,1.3,76,8.7,5,0
3.3,6.8,18.2,3.3,1,2.5,93.9,0,2.1,0
3.9,9.4,0,4.2,1.9,-4.1,59.6,7.5,4.9,0
0.4,5.4,0,6.5,2,-8.3,56.4,8.8,3.3,0
-0.2,6.1,0,5,1.4,-9.6,52.8,9.5,2.9,0
3.5,8.9,0,3.8,0.7,-0.4,77.1,1.6,3.1,0
6,13.8,0,3,0.6,1,73.6,6.1,5.5,0
4,8.3,12.4,2.5,0.6,3.4,95.4,0,2.6,0
7.2,12.9,0,5.7,2.3,-3.6,56,8.6,7.7,0
5.4,12.8,0,5.3,1.4,-0.8,68.3,9,5.7,0
7.4,13.2,0,2.3,0.7,-0.4,63.5,5.8,7.7,0
5,9.1,1,3.5,0.4,3.8,91.9,0.5,5,0
6.3,15,0,3,0.7,-2,64.1,7.2,7.4,0
8.1,17.9,0,2.2,0.5,-2.3,57.4,8,7,0
10.3,21,0,3.8,0.9,0.8,59.5,9.4,10.6,0
4.9,9.8,6.6,5,1.9,1.5,80,0,4.9,0
3.4,6.3,2.7,3.5,1.2,-0.1,77.9,0,5.3,0
3.5,8.1,0,4.8,1.9,-4.4,58,6.5,6,0
3.9,12.3,0,3.3,1.2,-4.4,59.3,10.7,5.8,0
5,13.1,0,3.3,1.1,-2.2,65.5,8.3,6.6,0
6.1,14.9,0,3.3,1,-0.3,68.1,5.6,6.3,0
7.3,16.3,0,3.3,1.1,-1,62.3,10.2,10.2,0
6.5,13.8,0,4,1.2,-0.2,66.9,5.6,7.9,0
6.9,14.5,0,4.3,1.1,0.8,69.8,6.5,9.6,0.8
2.5,8,0.1,5.5,1.2,-1.8,76.3,3.7,4.6,0
3,12,0,5,1.6,-7,56.6,9.8,6.8,0
5.6,14.9,0,3.8,1,-4.5,55,8.6,8.4,0
8.5,16.4,0,4,1,-1.1,55.5,7.1,11.2,0
8.1,17.5,0,4.8,1.3,0.5,64.4,8.3,10.4,0
9.4,19.3,0,5.2,1.3,0.1,59.4,8.9,11.2,3
8.5,19.1,0,7,2.3,2.1,68.5,6.5,14.5,0.7
2.4,8.1,0,7,3.6,-11.9,33.8,9.8,7.7,0
3,11.4,0,4.5,1.5,-9,45.1,9.7,8,0
9.8,19.4,0,5.3,0.9,-2.9,48.1,8,12.6,0
9.5,13.9,23.6,6,1.6,8.8,95.9,0,9.7,0
11.8,15.5,0,4.2,1.9,5.6,66.4,0,11.9,0
10.8,14.1,0,4.7,1.5,7.3,79.8,0,10.8,0
11.2,15.3,2.4,4,1.2,9,87.8,0,12.3,0
8.9,10.8,17,3.8,0.7,8.5,97.9,0,9.6,0
11.8,19.3,0,3.2,1.2,5.5,69.8,7.5,13.7,0
11,18.1,0,4.7,1.5,2.7,60.3,4.6,11.8,0
9.7,14.9,0,8.3,3.2,-2.3,47.6,10.5,14.7,0
8.7,17.1,0,7,2.1,-2.2,53.3,10.7,12.5,0
9.4,16.5,0,5.5,1.9,-0.5,54.1,9.3,12.8,0
11.1,20,0,8.2,2,-1.5,49,10.3,14.7,0
12.1,22.2,0,5.5,1.3,1,53.9,10.7,15.3,0
14.1,23,0,4.7,1.5,4.1,57.5,8.4,15.7,0
13.3,20.3,0,5.3,2,3.1,52.4,5.9,15.6,0
11.4,18.5,0,6.8,2.1,5,68.4,5.3,14.2,0
9.8,13.2,0.6,3.2,1.4,4.9,73.3,0,12.4,0
11.3,19.8,0,5.7,1.3,0.2,55.3,9,15.2,0
12.5,22,0,4.3,0.9,0,50.3,10.4,16.6,0
14.1,23,0,4.5,1.1,3,53.3,9.4,17.3,0
15,21.8,0,4.3,1.2,3.2,48.6,5.1,17.4,0
12.5,20.9,0,4.2,1.2,-0.3,47.3,8.8,16.2,0
13.4,21.3,0,4.8,1.4,1.6,49.1,9.6,17.6,0
12.8,20.4,0,4.8,1.6,3.5,56.6,9.8,16.3,0
12.7,20.3,0,4,1.4,4.8,63,8.3,17.8,0
13.6,22.8,0,6,1.5,2.1,53.1,10.9,18.5,0
14.1,23.2,0,4,1.1,-0.6,43.4,11.1,19.9,0
15.6,22.7,0,4.7,1.4,8,63.5,8.7,19.9,0
16.4,18.6,15.5,4.3,1.6,14.7,89.6,1.1,16.5,0
16.1,23.3,0,4.5,1.4,9.7,70.1,7.3,17.5,0
-4.1,4.1,0,3.2,0.5,-9.3,63,5,-1.6,0
-3.4,5.5,0,2.3,0.4,-9.3,67.4,7.3,-2.1,0
-2.1,4.1,0,2,0.4,-6.3,74.9,0,-0.6,0
-1.6,5.1,0,3,0.8,-5.8,74.6,3.6,-0.1,0
-2.9,4.7,0,3,0.9,-10.1,62.9,8,-1.6,0
0.8,7.5,0,4.5,0.9,-5.8,66.1,4.5,1.3,0
-0.2,5.7,1.3,5.2,1.3,-3.4,79.4,0.5,0.5,0
-3.9,-0.9,0.5,7.5,3.7,-11.4,55.9,2.6,-1.1,0
-6.5,-2.3,13.8,3.2,1,-9.6,81.3,1.9,-2.8,0
-3.3,1.8,0.2,2.7,0.5,-7.2,76.3,5.9,-0.1,0
-2.6,6,0,1.8,0.4,-6.9,75,8.3,-1.4,0
7.5,12.3,6.4,6.3,1.7,2.5,73.6,5.7,3.9,0
1.7,4.5,2.8,1.8,0.3,-1,82.1,0,0.2,0
1.2,3.8,0,1.8,0.4,-0.7,87.3,0.2,0.3,0
0.9,5.2,0,3,0.6,-2.2,80.9,0,1.2,0
1,8.9,0,3.3,0.6,-4.8,70.5,7.1,2,0
1.8,10,0,2.7,0.5,-6.3,61.4,8.8,2.7,0
2.1,10.4,0,2.5,0.7,-5.9,60.6,5.8,1.1,0
5.9,16,2.8,6,1,-1.2,67.1,2.5,4.3,0
9.3,13.4,6,7,3.5,3.7,68.9,0,8.1,0
3.1,6.6,0,8,3.8,-3.6,58.3,5,4,0
2.4,12.7,0,3.5,0.6,-5,62.6,9.7,1.2,0
4.3,12.2,0,3.7,0.7,-2.3,65.6,8.6,4.7,0
5.4,9.7,0,5.3,1,-0.4,67.6,0,4.2,0
6.5,15.4,0,2.5,0.6,-4.2,51.3,9.4,5.9,0
4.7,12.9,0,3.2,0.9,-1.8,65.5,7.6,5,0.3
1.7,3.6,3.1,4,0.7,0.4,91.4,0,2.4,0
3,6.9,0,6.8,1.8,-0.7,77.4,0,3.3,0
3.6,11.7,0,3.5,0.8,-3.1,66.6,7.5,4.6,0
3.2,11.6,0,3.2,0.7,-3.1,68,8.8,5,0
4.6,12.8,0,3.2,0.8,-1.9,66.5,7.4,5.1,0
6.6,15.1,0,3.2,0.6,-1.5,61.5,6.5,5.9,0
7.7,16,0,3.7,0.9,-0.9,59.8,7.5,6.8,0
8.7,14.8,0,5.7,1.8,0.3,56.8,5.5,8.2,0
6.8,14.4,0,3.8,0.8,-3,55.1,9.3,7.2,0
6.6,14.7,0,2.7,0.9,-1.7,58.6,8.6,9.5,0
7.5,16,0,5.3,1.4,-1.5,56.9,5.2,6.8,0
6.3,9.5,0,5.7,3,-4.5,45.8,2.3,6.7,0
5.2,6.8,3,4.8,1.4,3.3,87.4,0,6.3,0
6.3,11.7,0.7,6.3,2.3,-2,60.5,6.4,7.7,0
8.2,14.9,0,5.8,1.8,-0.3,59.4,7,8.6,0
5,10,0,7,3.5,-3.1,58.6,5.3,7.4,0
2,7.7,0,7,2.4,-7.6,50.8,7.9,4.7,0
3.1,8.8,0,1.8,0.5,-1.2,75.1,0.8,5.1,0
5.9,15.5,0,3,0.8,-2.1,62.9,9.2,6.8,0
9.4,17.8,0,4.5,1.1,0,56.6,5.6,8,0
8.6,12.5,34.3,7.3,2.3,5.5,82.4,0,8,0
-0.3,2.7,0,7.2,3.2,-11.6,42.3,6.5,3.9,0
0.8,6.3,0,4.8,2,-8.3,54.6,8,4,0
1.2,6.7,0,6.3,2.1,-8.2,52,10,4.6,0
3.5,10.3,0,4.7,1.5,-5.5,56.1,8.6,6.1,0
5.6,12.6,0,4.8,1.4,-2.7,59.1,7.1,6.7,0
8.5,15.6,0,4.8,1.4,0.2,60.6,6,10.2,0
8.6,14.8,0.4,7.2,1.3,1.7,66.3,1.5,8.2,0
7.8,12.2,0.5,2.8,0.9,4.4,80.3,0,8.8,0
9,19.5,0,3,0.7,1.6,65.3,7.3,10.8,0
12.5,22,0,4,1,3.8,60,8.6,13,0
12.3,18.3,0,4.2,1.2,7.3,73.1,1.8,13.4,0
12.9,18.8,0,2.8,1.2,3.1,56.5,8.2,15,0
5.8,12.9,23.3,6.7,2.8,3.5,85.8,0,7.6,0
5.7,11.3,0.7,4.8,1.7,-0.7,67.3,6.4,9.1,0
7.1,14.5,0,4,1.1,-2,57.5,9.5,10.5,0
9.8,18.3,0.3,4.3,0.9,-1.2,54.4,9.3,11.9,0
10.8,12.2,24.5,4.2,1.1,9.7,92.8,0,11,0
16.7,23.4,0,3.5,1.1,7.8,59.4,9.2,15.4,0
16.3,23.6,0,3.8,0.9,8.3,62.6,9.1,16.7,0
15.3,19.1,2.8,2.8,0.7,11.9,82.4,0.3,14.6,0
13.9,19.3,0.5,3.5,1,9.5,76.1,2.9,15.8,0
14.6,21.1,0,3,0.8,10.8,80,4.9,16.8,0
17.5,26.9,0,1.8,0.5,11.2,70.8,8,17.9,0
19.4,25.1,21.5,8.2,3.7,14.5,74.9,1.2,19.2,0
14.7,16.8,19,3.3,1.2,13.2,90.8,0,16.1,0
15.6,22.1,1.7,3.7,1.3,11.8,80,2.7,18.4,0
13.1,18,1.5,2.5,0.9,7.7,71.5,3.2,17.2,0
14.8,21.6,0,5.2,1.6,7.5,65.3,6.2,16.1,0
14.1,20.1,0.7,4.8,1.5,7.9,68.8,4,15,0
14.7,21.9,0,4.2,1.3,7.9,66.6,8.8,18.1,0
16.1,24,0,3,0.8,7.5,62.5,9.4,18.5,0
18.8,26.7,0,4.2,1.1,13.5,73.6,9.2,20.6,0
20.2,26.2,0,4.2,1,13.3,68.3,2.9,21,0
20,26.7,3.3,4.5,0.6,16.6,82.6,2.6,20.5,0
20.6,24.6,7.7,2.5,0.4,18.6,88.4,1.6,19.8,0
19.4,24.3,1.3,3.7,1.1,17,86.6,0.5,20.6,0
13.7,17.8,1.5,3.7,1.7,7.5,67.1,0.7,16.9,0
14.5,18.9,1,4.3,1.3,8.4,68.9,2.6,16.1,0
16.7,24.7,0.2,3.3,0.8,9.7,68.4,11,20.2,0
18.9,26.8,0,4.2,1,10.8,64.3,10.4,22.4,0
18.3,25.3,0,3.8,1.2,13.7,75.6,3,20.6,0
20,27.5,0,7.2,2.2,7.2,48.9,5.8,26.1,0
0.2,7.5,0,3.5,0.6,-4.1,75.3,4,0.9,0
-4.5,0.3,0,9,2.9,-12.1,56.8,3.2,-2,0
-8.9,-3.2,0,5,1.8,-16.7,53.8,7.9,-3.6,0
-7,-0.9,0,4.5,1.1,-12.2,68.4,6.2,-3.2,0
-3.3,3.4,0,4.8,1.5,-8.2,71.4,6,-1.7,0
-1.5,4.6,0,2.8,0.7,-7.1,69.5,6.2,0.6,0
-1,7.3,0,2.5,0.2,-4.3,78.9,3,0,0
2,10,0,2.8,0.4,-2.4,75.4,4.5,2.1,0
2.2,7.4,0,3.8,0.8,-1.4,78.5,2.7,2,0
1.2,5.2,0,3.3,0.8,-3.2,73.4,0,0.9,0
-0.4,5.5,0.2,7.7,1.6,-5.2,72,7,1.1,0
-4.7,-1.4,0,6.5,2.9,-13.5,53.1,8.7,-1.9,0
-5.7,1.3,0,4.3,1,-13.6,57,9,-2.9,0
-2.9,0.4,0.8,3,0.2,-4.9,85.6,0.4,-0.7,0
1.6,7.1,0,2.3,0.2,-0.4,87,0.4,1.7,0
0.8,9.1,0,4.7,0.4,-2.3,81.6,6.1,1.3,0
5.3,9.9,0,3,0.6,3.3,86.9,0,3.6,0
4.6,10.7,0,6,2,-2.8,59.3,7.9,4.5,0
-1.8,2.9,0,6.7,2.5,-8.8,60.9,9.2,0.5,0
-3,1.2,0,6.7,2,-10.7,56.4,9.4,-0.2,0
-2.7,3,0,4.5,1.7,-8.8,64.1,9.3,-0.6,0
-0.3,7.4,0,5.7,1.2,-5.1,72.3,5.9,0.7,0
1.6,8.9,0,2.3,0.3,-3.3,71.8,7.6,1.9,0
3.6,5.7,0.5,5.3,0.7,2.5,93,0,3.4,0
3.1,8,0,1.7,0.2,1.3,89.6,2.5,3.6,0
2.3,6.4,0,1.7,0.3,0.5,88.9,0,1.7,0
-0.8,4.6,0,6.5,3.3,-10.4,49.1,9.5,1.1,0
-1.8,5.7,0,5.8,1.1,-8.4,62,9.6,-0.8,0
4.5,9.3,0,5.7,1.3,0.5,75.9,3.3,4.4,0
6.3,12.7,0,3.8,1.2,-0.6,64.8,7.4,6.5,0
5.9,14.9,0,4,1,-0.2,65.6,8,5.8,0
8.3,19.6,0,4.7,0.6,-0.1,61.3,9.3,7.6,0
7.1,12.6,3.7,6.7,2.3,1.8,71.3,5.8,7.8,0
4,10,0,2.7,0.5,-0.8,72.5,2.4,3.5,0
5.1,10.2,0,4.7,1.4,-1.2,64.3,7.9,6.2,0
2.4,5.5,0,3.7,1.2,-1,78.9,0,3.4,0
2.1,7.3,0,2,0.4,-2.1,74.8,4,4.1,0
3.8,9.1,0,4,0.8,-1.6,70.3,6.1,4.5,0
2.6,9.4,0,4.3,0.9,-5.1,57.8,10.1,4.1,0
3.2,11.8,0,3.5,0.5,-3.8,61.5,9.2,4.7,0.13
6.6,16.9,0,2,0.3,-0.1,66.1,9.9,6.9,0
7.5,13.7,2.6,6.8,0.6,2.3,71.6,0,10.1,0
6.3,9.9,3.4,6.3,2.2,2.3,77,5.1,6.5,0
7.3,16.9,0,4,0.6,1.4,70.3,9.9,6.6,0
9.8,16.8,0,5.2,0.8,5.3,75,7.4,13.3,0.3
11.4,18.9,32.8,8,1.6,9.6,90,0,10.2,0
5.5,9.3,2.7,8,3.7,0.5,70.3,1.6,6,0
5.6,10.6,0,5.2,1.7,-1.3,61.1,6.7,7.1,0
1.8,4.8,2.1,8,3.1,-3.1,71.4,1.6,5.4,0
-0.9,5,0,4.2,1.6,-9.3,53.8,10.6,2.3,0
1.6,9.8,0,3.8,0.6,-4.8,66.1,10.3,4,0.2
2.2,7.9,3.4,1.7,0.2,-0.8,83.4,0.6,2,0
7.4,15.6,0,3.3,0.4,4.2,82.4,6.9,8.5,0
7.3,8.5,24.7,5.5,1.1,5,86.1,0,7.2,0
8.1,14.9,0,7.2,1.9,-2.5,52.4,10.2,8.6,0
3.4,9.8,0,8.3,2.1,-6.5,51,10.7,5.3,0
2.2,8.1,0,2.3,0.4,-4.6,63,3.4,3.9,0
6.6,15.8,0,3.5,0.7,-0.5,62.1,9.2,8.3,0
9.1,16.9,0,4,0.7,1.7,63.1,9.5,11.1,0
8.6,12.3,20.7,2.5,0.5,6.4,86.5,0,8.2,0
9.8,14.7,0,6.2,2.6,3.6,67.5,6.9,11.1,0
5.5,11.8,0,5.3,1.2,-1.6,61.4,8.2,7.6,0
8.1,15.7,0,7.3,2,1.8,67.1,9.1,10,0
10.4,18.5,13.5,4.8,1.4,4.4,71.3,8.6,12.8,0
6.8,9.5,1.5,6,2.4,2.5,74.5,1.5,8.4,0
5.9,12.6,0,4.3,0.9,1.4,74.4,6.7,7.6,0
10.2,17.5,0,4.2,0.8,4,65.9,10.3,13.2,0
9.4,14.9,16.9,5.3,0.5,6,81,0,9.9,0
12.5,18.1,8.8,8.8,4.1,7.7,73.1,3.2,12.9,0
14.2,22.7,0,3.8,1,7.5,66.5,11.2,15.1,0
11,15.9,29.2,6,1.4,9.2,89.5,0,11,0
6.4,9.2,5.7,6.7,3.9,3.6,82.8,0,6.9,0
8.8,15.8,0,6.8,2.9,-0.2,55.3,11.6,10.5,0
10.3,19.8,0,6.3,1.5,2,60.3,10.9,12.9,0
11.3,18.4,0,4.8,1.1,7.5,77.6,3,15.1,0
15.1,23.8,0,2.7,0.7,8.5,68.4,10.2,16.8,0
17.8,27.6,0,4,0.7,9.6,62.6,9.8,19.6,0
18.3,27.6,0,4.3,1.1,10,61.9,9.4,20.5,0
16.7,24.8,0,3.8,1,10.3,66.6,6.1,19.3,0
17.9,25.8,0,3.8,1.3,12.2,70.5,10.6,20,0
19.3,27.5,0,3.7,0.9,13.4,71.1,9.2,21.4,0
18.7,28.4,0.1,5.5,1,13.4,73.6,7.5,20.7,0
19.5,28.1,0,3.5,0.9,12,65.5,10,20.9,0
19.5,28.9,0,4,0.9,10.3,59,11.4,21.9,0
19.2,28.1,0,3.8,1,11.7,63.9,11.1,22.3,0
16.1,24.5,0.1,7.7,1.5,11.9,78.3,6.5,19.7,1
12.7,19.5,1,4.2,1,8.1,80.3,7.3,16.2,0
13.3,21.2,0,3.8,0.9,4.9,61.5,10.9,17,0
15,23.8,0,5.3,1.4,5.8,58.1,11.3,18.7,0
-8.5,-2.7,0,3.2,0.9,-16.6,59.6,7,-5.9,0
-5.9,0.4,0,2.4,0.9,-12.1,64.3,8.4,-4.5,0
-4.3,1.6,0,3.4,1.3,-9.8,67.3,5.4,-3.6,0
-4.2,3.4,0,1.3,0.4,-10.1,66.6,8.6,-3,0
-1.7,5.1,0,1.5,0.4,-9.7,60,3.9,-2.3,0
0.2,3.8,0.7,3.8,1.5,-3.5,77.1,3.6,0.7,0
-1.6,1.7,0,5.2,1.5,-6.2,71.3,0.4,-0.4,0
-7.2,-4.3,0,4.4,2.7,-16,49.3,4.5,-4.6,0
-6.8,0,0,3.6,1.2,-15.1,55,8.9,-4.7,0
-4.8,2.6,0,2.4,0.7,-12.7,58.4,8.9,-3.5,0
-1.4,4.9,0,3,1,-6.4,69.5,2.5,0.2,0
-2.2,3.7,0,1.3,0.4,-5.7,77.6,0.2,-1.7,0
-0.2,6.8,0,3.7,0.6,-5,71.6,2.4,-0.2,0
-0.6,4,1.2,5.4,2.2,-8.2,59.8,2.7,0.6,0
-5.7,-2,0,5.6,3.2,-18,38.4,8.9,-4.2,0
-5.7,0.7,0,5.2,2.2,-15.1,49.9,9.5,-4,0
-5.1,1,0,3.6,1.9,-16.5,43.9,9.5,-3.3,0
-3.5,3.2,0,3,1,-14.6,48.5,9,-1.3,0
0.2,8.4,0,2.6,0.7,-13.4,41.1,7.6,1,0
-1,5.2,0,3.6,1.4,-9.7,54,9.2,0.7,0
-2.4,3.7,0,3.8,1.7,-13.2,47.6,9.4,-0.3,0
-2.7,4,0,2.8,0.9,-12.7,51.1,7.4,-0.8,0
-0.6,4.5,0,3.8,1.5,-7.7,58.4,0,0.2,0
-3.5,1.9,0,4.1,1.9,-16.9,39,9.4,-0.9,0.03
-4.3,0.6,0,3.1,0.9,-14.9,47.3,5.6,-2.9,0
-0.7,4.3,0.3,4.3,1.7,-9.5,53.3,5.5,1.8,0
0.5,6,3.5,4.8,2.1,-7.6,57.9,4.9,-0.4,0
-2.5,1.8,0,4.4,2.2,-14.9,40.9,9.7,0,0
-2.9,4.5,0,2.2,1.1,-14,46.6,9.5,-0.4,0
1.1,7.7,0,2.7,1,-6.3,59.1,9.3,2.6,0
3.5,12.1,0,3,0.7,-3.2,64,8.5,4.5,0
6.6,17.8,0,3.8,0.8,-6,49.3,8.4,5.5,0
7.8,14.2,0,3,1.4,-2.7,50.1,8.6,5.2,0.5
3.6,12,0,4.2,1,-4.9,59.4,5.6,3.9,0
1.6,9.7,0,4.7,2.3,-9.2,48.5,6.3,1.1,0
-1.7,3.4,0,5.3,3.3,-19,26.9,9.7,0.4,0
-2.3,2.9,0,5.1,2.4,-12.1,47.6,5.5,-2.9,0
-0.3,6.3,0,5.1,2.3,-14.7,36.5,10,1.1,1
2.6,10.2,0,3.4,1.5,-6.5,55.4,8.8,3.1,0.2
3.4,5,0,1.3,0.5,-0.2,77.1,0,2.6,0
3.3,10.8,0,3.5,1.5,-3.4,68.4,4.7,5.2,0
3.5,10.4,0,3.5,1.3,-7.5,51.9,7.8,4.8,0
4.4,12.9,0,3.8,1.4,-10.6,39,10,5.3,0
5.8,14.6,0.2,3.5,1,-9.7,39.6,4.4,7.6,0
4.1,8.4,3.8,3.8,1.8,-0.7,72.8,2.9,5.6,0
5,13.4,0,3.6,1.3,-4.4,56.9,10.1,5.9,0.06
8.6,15.6,0,3.7,1.3,-4.3,44.3,3.7,8.7,0
4.7,9.3,2,5.5,1.7,1.1,78,0.5,5.1,0
5.6,13.6,0,3,1.4,-2.4,63.5,7.7,9.1,0
6.2,13,0,2.6,1.1,-4.5,51,2.5,8.2,0.1
7.8,16.6,0,4.7,1.8,-3,49.8,9.9,10.8,0
6.4,10.7,0.1,3.9,2.2,0.2,65,0.3,8,0
4.1,8.8,0,5.8,3.4,-12.5,31.6,9.3,5.8,0
4.8,11.9,0,6.2,2.8,-7.8,41.5,9.6,7.6,0
6.9,15.1,0,4.4,1.6,-6.6,42.1,9.4,9,5
11.2,19.7,0,6.8,1.9,-3.2,41.4,6.3,11.3,0
9,15,3.9,6.1,2.2,4.7,75.3,0,9.9,0
5.3,9.9,0.8,3.5,2.1,-0.3,68.4,0.7,7,0
7.7,15.4,0,4.2,1.8,-4.6,47.4,9.4,11.2,0
8.2,17.4,0,5.8,1.5,-2.6,49,5.9,11.7,0
7.7,16.8,0,3.8,1.4,-10.2,34.5,9.4,11,2.7
8.4,15.6,0,2.2,0.6,-4.7,41.5,3,11.3,0
10.7,20.2,0,2.2,0.9,-1.5,47.8,9.7,12.1,0
12.4,21.2,0,4.1,1.4,-0.7,44.4,7.8,15.9,0
8.8,14.6,0,6.4,2.9,-6.4,39.8,7.7,11.1,254
7.4,15.7,0,3.1,1.5,-6.1,41.6,10.9,13.9,0.3
7,14.2,0,7.3,2.6,-7.8,37.8,7.1,9.5,0.5
7.9,17.8,0,3.4,1.1,-8.5,35.6,10.8,16.1,0
10.8,20.6,0.6,3,1.3,-5.6,37.9,4.9,12.8,0
5.6,9.9,6.6,7.5,3.5,-5.2,52.4,7.5,7.5,0
7.7,16.6,0,4.7,2.6,-4.5,43.9,10.8,12,0
10.9,18.3,0,5.8,1.7,0.4,51,7.2,13.9,0
12.8,21.3,0,4.6,1.7,4.2,58.6,6.6,16,0
12.1,18.6,0,3.7,1.4,-1.7,43.9,5,16.4,0
9.6,18.5,0.5,5,1.4,2,61.3,2.5,12.9,0
9.6,17.3,0,4.8,1.7,-2,51.9,8,14.8,0
11.9,20.4,0,4.3,1.5,2,52.5,6,17.6,0
13.2,18.5,0,3.8,1.5,2.7,51.8,1.8,13.6,0
11.4,14.3,14.2,3.9,1.7,6.9,74.6,0,11.7,0
14.5,23.7,0,4.9,1.7,6.2,61.4,9.2,16.9,0
12.4,16.4,6.5,3.3,1.3,9.8,84.6,1.3,13.4,0
9.3,15.6,1.4,4.6,1.9,3.8,69.9,3.8,11.2,0
10.4,15.4,0,5.4,3.6,-2.9,42.5,7.9,12.7,0
11.5,19.5,0,5.2,2.2,-3.3,41.9,10.5,16.4,0
13.4,21.6,0.1,3.9,1.2,0,43.1,0.7,15.5,0
11.7,15.7,1.4,3.3,1.4,7.6,76.1,0,12.8,0
8.6,10.5,7.6,2.1,1.1,6.7,87.9,0,10.1,0
11.5,18.4,0,3.2,1.4,5.2,68.5,5.6,14.4,0
14.4,23.2,0,2.6,1.1,2.9,51.8,10.8,19.7,0
14.3,20.6,0.3,3.7,1.9,5.2,56.9,5.4,17.3,0.1
-4.5,1.2,0,4.1,2.4,-14.8,46.4,8.3,-1.6,0
-6.7,-1,0,2.2,0.8,-13.4,61.3,7.1,-3.6,0
-1.2,3.6,0,1.6,0.6,-5,75.1,2.1,0.1,0
0,6.4,0,2,0.5,-4.3,74.9,5.4,0.7,0
-0.3,7.3,0,1,0.4,-5.2,71.4,7.3,0.4,0
1.6,6,0,1.6,0.5,-2.7,72.9,1.5,2.1,0
-0.5,4.3,0.1,3.8,1.8,-8.2,58.8,4.7,0.7,0
-5.3,-0.1,0,2.6,1.6,-15.6,46.9,8.6,-3.5,0
-3.1,1.2,0.2,2.8,1.3,-6.7,75.8,1.6,-1.7,0
-2.9,2.6,0,2.9,1,-12.7,49.6,7.9,-2.5,0
-2.8,2.8,0,2.8,1.2,-15,43.9,7.7,-1.6,0
-3.2,1.8,0,2.1,1,-16.1,37.1,4.2,-1,0
-4.1,1.2,0,2.4,1.2,-14.7,45.8,3.4,-1.5,0
-4.8,1.4,0,4.3,1.6,-15.1,48,9.2,-3.8,0
-3.9,0.3,12.8,4.1,1.1,-7,78.5,0,-3,0
-7.1,-2.1,0,2.9,1.6,-12,68.1,8.9,-3.8,0
-6.2,0.3,0,1.1,0.4,-10.1,73.6,2.3,-3.1,0
-0.1,5.5,0,1.3,0.4,-3.5,77.4,2.1,1.3,0
2.5,9.1,0,1.5,0.5,-2.1,73.6,5.8,2.6,0
1.9,11.1,0,2.9,0.6,-2.9,73.9,6.3,2.6,0
2.6,9,0,2.1,0.7,-1.4,74.8,1.7,2.3,0
3.1,13.5,0,1.3,0.5,-2.4,70.8,7.4,3.4,0
1,3.4,7.5,3.2,1.4,-0.8,87.1,0,-0.2,0
-0.4,1.6,11.2,2.6,1.3,-2.5,85,0,-0.1,0
-3.2,3.4,0,2.8,1.3,-10,62.6,9.3,-2.3,0
-1.4,6.4,0,1.7,0.7,-8,64.9,9.3,-0.6,0
0.7,8.5,14.3,2.4,0.6,-4.4,72.4,4.2,0.4,0
1.7,4.1,6.9,1,0.5,-0.1,87.5,0,1.6,0
1.6,5.1,0.5,2,0.4,0,88.9,0,2.6,0
2.3,9.6,0,1.9,0.6,-1,80.1,2.8,3.5,0
2.7,11.9,6.3,3.7,1.8,-1.1,77.5,0.8,3.1,0
-2.5,-0.3,4.3,5.5,3.6,-8.3,64.9,2.8,-1.2,0
0.5,6.2,0,3.2,2,-9.5,48.6,9,1.7,0
2.4,9.5,0,4.5,2,-4,63,0,1.6,0
-1.1,2.3,0,4.5,3.1,-10.6,49.9,6.3,2.2,0
-4.4,-0.6,0,4.8,2.9,-14.4,46.1,4.7,-1.3,0
-1,3.6,0,4,2.1,-12.6,42.6,9,1.2,0
2.2,6.7,4.3,3.9,2.4,-6.6,57.1,8.7,3.7,0
-0.2,6.1,0,3.1,1.4,-9.9,52.1,9.9,2.7,0
0.9,7.6,0,3.6,1.6,-8.5,52.9,9.9,3.3,0
3.2,12.6,0,2.1,0.9,-6.9,53.3,10.1,4.5,0
7.6,15.3,0,4.6,1.9,0.8,63.5,4.2,6.1,0
4.6,10.3,0,3.1,2.4,-3.5,57.9,5.1,6.4,0
4.4,14,0,2.1,0.8,-7.1,47.9,8.6,5.9,0
5.7,11.3,0,2.3,0.9,-3,53.6,0.2,5.7,0
6.5,14.8,0,3.1,1.3,-0.9,61.9,8.5,6.2,0.5
8.4,16.9,0,3.9,1.4,2.7,69,5.4,8.4,0
10.6,19.8,0,3.8,1.7,0.3,53.4,7.3,9.8,0
10.3,21.6,0,3.5,1.2,-3.6,43.8,9.6,11,0.1
10.1,17.5,0,4.6,1.9,-4,39.9,6.5,10.8,0
8.1,18.1,0,2.3,0.7,-7.6,36.8,6.2,9.2,0
11.3,22.5,0,3.2,1,-5.6,36.3,9.1,13,0
9.5,17.5,0,5.4,2,-3.3,41.4,5,10.2,0.2
2.7,8.4,0,5.1,2.6,-14.4,30.6,10.6,7.9,0
1.4,6.8,0.2,3.1,1.2,-8,52.8,1.8,5.4,0
2.8,8.3,4.4,2.7,1.3,-3.1,66.9,3,4.5,0
1.4,6.8,0,4.2,1.8,-5.5,60.8,5.9,5.8,0
1.7,8.7,0.6,3.3,1.2,-4.2,67.3,4.5,5.7,0
3.2,10.1,0,3.9,1.9,-6.2,54.8,7.9,6.3,0
5.8,13.3,0,4.3,2,-4,52.3,9.5,10.4,0
6.4,11.7,0,3.2,1.8,0.8,67.6,3.4,8,0
8.1,16,0,2.7,1.4,-4.3,50.9,8.3,11.8,0
9.2,18.5,0,3.5,1.9,-5.5,38.9,9.2,13.3,0
9.6,17.6,0,3.7,2,-6,37.4,7.9,14.1,0
11.3,18,0,2.3,0.8,-0.6,46.1,0.3,11.1,0
12.4,18.4,0,2.2,0.6,6.2,66.3,0.6,14,0
15,23.3,0,2.5,1.2,5.3,56.8,5.9,18.2,0
18.7,28.4,0,2.7,1.4,4.2,43,8,20.7,0
17.5,25.7,0,3.2,1.5,5,45.8,6.3,19.8,0
8.1,14.4,12.9,2.3,1.6,4.6,78.8,0,9.7,0
6.8,12.4,0,4.4,2.4,-3.3,53.1,4.6,8.1,0
9.5,17.1,0,3.3,1.5,-3.9,41.5,9.8,12.7,0
8.8,15,9.7,4,2.9,-0.5,55.3,7.7,11.8,0
12.2,21.1,0,3.8,1.5,0.8,48,9.7,14.5,0
13.9,23.5,0,4.2,1.3,1,46.8,10.5,15.7,0
14.4,26.2,0,3.2,1.1,-4.2,36.9,11.4,17.8,0
15,25.7,0,3.7,1.3,-2.1,35.6,10.9,18.2,0
14.1,24,0,3.8,1.6,2.9,51.1,9.2,18.2,0
14.1,20.4,0,4.3,2.3,1.7,45.5,7.6,18.6,0
13.1,21.2,0,4,2.1,-1.4,40.5,10.6,18.4,0
12.5,20,0,2.6,1.3,-0.9,41.4,11.1,19.1,0
12.6,21.3,0,4.3,1.9,-0.3,43.9,9.5,17.6,0
12.7,19.9,0,2.5,1.4,-3.4,37.4,9.3,18.4,0
11.8,19,0,2.6,1.2,-2.3,40.6,6.4,14.8,0
12,21.5,0,3.4,1.4,-4.6,37.3,9.1,17.2,0
13.5,23.8,0,2.8,0.9,-4.7,33.4,9.4,19.4,0
13.5,21.6,0,1.9,0.6,0.7,44,1.5,14.8,0
17.4,22.9,0,2.8,1.3,6.3,48.4,0.3,17.3,0
17.9,25,0.2,3.9,1.9,2.5,38,2.8,19.6,0
-2.9,4.7,0,2.4,0.5,-9.2,65,2.5,-1.7,0
1.7,8.4,0,3,0.6,-4.4,66.4,4.9,1.4,0
1,10.2,0,2.3,0.4,-6.8,62.1,8.1,1,0
0.8,7.5,0,2.4,0.4,-6.3,61.8,1.4,0.2,0
3,10.2,0,2.9,0.8,-6.3,54,7.7,2.3,0
3,9.1,0.8,4.8,0.8,-3.3,64.3,4.4,1.7,0
3.4,8.9,0,4.6,1.7,-8.5,43.4,8.1,3,0
-0.2,3.6,0,3.5,1.2,-7.5,59.5,0,-0.8,0
-2.3,3,0,5.3,1.8,-16.8,33.6,7.2,0.1,0
-1.7,1.8,0,3.5,1.4,-7.7,65.1,1.4,-0.9,0
-3.7,1.4,2.3,7,1.8,-12.4,53,4.8,-4.6,0
-3.3,3.9,0,4.1,1.1,-13.4,49,8,-2.5,0
-1,5.5,0,4,1.2,-11.4,48,9,1.3,0
-1.3,5.7,0,3.2,0.9,-11.9,48.4,9.1,0.8,0
-0.5,7.1,0,3.4,1,-10.4,50.9,9.1,1.2,0
-0.5,5.4,0,1.8,0.5,-5.6,70,0.9,0,0
0.4,4.5,0.5,5.5,1.5,-3.2,77,0.3,-0.5,0
-1.7,3,0,5.5,2.5,-13.5,41,9.3,0.2,0
-2,4.7,0,3.3,1,-13.4,42.1,9.3,1,0
-0.1,8.1,0,3.3,0.8,-8.3,56.5,9.3,1.2,0
0.7,4.6,0.5,1.9,0.4,-2.6,80.3,0,0,0
2.6,7.5,0,3.1,0.8,-0.1,83.4,0.4,2.1,0
2.1,9.2,0,3.1,0.8,-5,64.9,5.7,2.4,0
3.4,12.5,0,3.5,0.7,-5.4,56.8,9.5,2.9,0
4.6,10.8,0,4.5,1.2,-5.5,51,3.5,3,0
5.1,11.9,0,2.5,0.7,-4.8,51.3,6.2,4.3,0
6.7,12.7,0,2.7,0.8,-2.3,53.4,4.7,4.9,0
7.4,14.2,0,3.8,1.1,-2.1,52.3,8.1,6,0
5.4,15.3,0,2.3,0.5,-4.9,52.5,6.3,4.4,0.3
5.5,14.1,0,4.6,1.3,-3.8,53.8,3.4,4.5,0
5.8,11.3,0,4.6,2.7,-4.3,48.5,5.7,5.6,0
3.2,9.6,0,2.7,0.9,-7.4,49.8,7.3,3.7,0
3.7,6.7,1.1,3.9,0.9,-3,61.5,0,3.9,0
1.4,4.2,3,5.1,2.7,-3.8,69.8,0.3,1.2,0
0.4,6.3,0,4.4,2.1,-10.7,43.4,10,2.4,0
2.1,9.8,0,3.7,1.1,-6.9,56.1,10,3.7,0
7.8,16.1,0,5.3,1.8,-1.2,55.8,7.8,4.8,0
9.6,15,4,4.9,2.4,1.6,59.6,6.2,8.4,0
6.1,14.5,0,5.4,1.7,-6.4,44.3,10,5,0
7.7,17.3,0,3.4,0.8,-2.8,50.8,9.5,6.3,0
10.3,19.7,0,3.9,1,-2.2,46.6,9,8.1,0
8.4,15.1,2.5,5.8,0.9,1.7,65.3,0.1,6.5,0
7.8,12.6,0.4,5.4,1.9,3.6,75.8,3.4,7.7,0
8.5,16.6,0,4.4,1.4,-4.2,47.5,8.9,7.1,0
10.1,16.3,0,6.5,2.5,-6.7,34.3,8.9,7.7,0.05
8.3,13.9,0,6.5,2.6,-7,35.9,9.1,6.8,0
7.6,15.3,0,5.5,1.9,-2.6,49.1,5.9,6.1,0
11.8,21,0,4.7,1.3,0.8,49.5,5.9,8.2,0
8.4,17.2,15,6.9,3.4,-1.5,52.8,0,8.1,0
6.8,11.3,0.1,7.1,3,-7.9,36.1,1.9,5.6,0
5,9.9,0,6.5,3,-8.8,35.3,7.9,4.3,0
4.7,11.5,0,5.2,1.6,-10,38.1,9.9,4.5,0.1
7.4,15.5,0,4.1,1.4,-2,53.5,7.6,6.1,0
9.1,15.9,0,4.2,1.1,0.5,58.9,2.5,8.4,0
10,18.2,0,3.7,1.3,-0.5,51.6,9.4,8.8,0
11.6,20.1,0,4.4,1.4,0.4,49.4,8.6,10.9,0
13.2,19.7,0,3.1,1.2,3.4,54.3,6.3,14,0
10.5,16.6,5.5,3.4,1.1,4.6,69.3,0.6,9.8,0
10.6,16.6,0.1,3.6,1.2,6.3,75.6,3.1,11.7,0
12.2,22.3,0,5.2,1.4,1.9,56.1,8.9,12,0
14.6,24.6,0,4.6,1.1,2,41.3,10.7,13.6,0
12.5,19.7,0,5.9,1.9,-2.2,38,9.4,14.3,0
13.3,24.3,0,3.4,1,-2.3,28.3,10.5,14.1,0
16.4,26.2,0.2,6,2.5,1.6,29.5,9,19.1,4
13.2,15.1,12,7.2,2.5,10.4,83.3,0,11.4,0
12.1,16.3,0,4.3,1.8,8.7,79.9,0.4,13.7,0
9.5,14.4,0,5.3,2.8,-3.8,43.1,4.5,11.2,0
7.5,13.1,0,5.8,2.7,-4.2,45,6.1,10.2,0
8.6,14.4,0,5.3,2.1,-1.8,51.4,9.6,11.7,0
8.5,15.4,0,3.5,1.3,-3,49.4,5,11.4,0
9.6,17.9,2.5,7.3,1.9,1.2,58.1,5.9,10.9,0
11.3,17.6,0.1,4,1.9,2.2,56.6,6.9,13.2,0
18.9,27.6,0,6.3,2.3,4.3,33.9,9,17.1,0
20.9,25.5,0,5.4,3,10.9,53,4.7,19.1,0
15.6,20,40,5.7,2.1,13.5,87.5,0,15,0
10.8,15,0,7.1,4,-4.2,36.4,9.9,11.8,0
11.2,19.3,0,5.2,2,-2.3,43.8,10.7,13.1,0
11.4,20.4,0,5,1.2,-3.3,37.4,9,12.8,0
13.6,23.8,0,3.5,0.9,0.3,39.1,10.1,15.1,0
16.9,26.7,0,3.3,1,5.4,47.4,10.4,18.3,0
20.8,29.4,0,3.2,0.9,10.1,51.1,10.4,21.6,0
19,25.7,0,4.2,1.8,11.9,64.5,3.5,20.5,0
11.9,17.8,0,6,2.8,-1.1,44.5,9.9,18.1,0
10.5,18.7,0,3,1.1,-2.5,44.5,11.1,16.9,0
13.6,21.4,0,3.8,1.4,-1.4,39.9,10.9,18.4,0
15.2,22.5,0,4.3,1.6,0,34,7.9,19,0
17.2,25.3,0,4.5,1.6,3.6,38.8,9.5,20.6,0
15.1,17.4,34,5.8,2,9.9,75.3,0,14.5,0
14.7,16.6,79.5,3.2,0.8,13.2,90.9,0,14.8,0
-3.4,5.3,0,2,0.3,-10.6,62.4,8.2,-1.7,0
-3.1,3.9,0,2.8,0.8,-10,61.9,8.2,-1.7,0
-3,3.6,0,2.7,0.5,-10.9,58,8.1,-2.1,0
-2.1,2.5,0,2.1,0.3,-8.5,62.1,2.3,-0.8,0
-2.7,3.6,0,3.4,0.8,-10.1,58.9,7.2,-1.5,0
-2.5,5.1,0,3.4,0.8,-9.5,61.3,8.4,-1.3,0
1.7,7.3,0,2.2,0.4,-4.6,63.4,0.2,-0.3,0
1,2.5,7,2,0.3,-1.2,84.4,0,-0.4,0
0.2,3.4,0,1.7,0.4,-0.8,91.9,0,0.4,0
3.2,10.1,0.4,3.8,0.7,0,80.3,3.3,1.7,0
0.6,4.9,3.5,4.3,2.1,-6.6,61.9,4.6,2.1,0
-4.6,0.2,0,3.6,1.8,-17.7,39.9,8.5,-0.7,0
-1.4,4.8,0.7,4.7,1.4,-8.8,61.6,6.4,-0.2,0
0.8,7.3,0,3.3,0.7,-7.9,58,8.1,0.5,0
2.3,9.9,0,2.7,0.6,-8.9,49.5,7.4,0.8,0
2.6,10.2,0,3.3,0.5,-6.8,54,8.4,1.7,0
2,10.4,0,3.3,0.8,-5.7,60.6,7.5,1,0
0.6,5.5,0,2.9,0.4,-3.9,72.3,0,-0.5,0
0.3,4.2,3.2,3.8,0.7,-2.4,81.9,0,-0.3,0
-0.7,6.7,0,2.6,0.4,-7.2,66.8,8.8,1.8,0
0.7,5.1,4,2.7,0.4,-3.7,73.8,0,-0.5,0
2,3.3,28,3.7,1.7,0.5,87.8,0,0.5,0
1.8,3.5,0.5,2.6,1.1,-2,74.9,0,0.7,0
2.9,6.9,1.3,3.4,0.9,-1.1,74.6,0.8,2.4,0
3.6,9.2,0,3.1,0.7,-2.6,65.3,5.6,4.4,0
2,7.7,0,2.6,0.2,-1.6,76.8,0.7,1.4,0
3.6,11.2,0,4.4,1.6,-4.7,59.8,8.6,3.8,0
5.2,12.1,0,4.5,1.2,-3.6,55,7.3,5.5,0
4.3,7.2,5,2.7,0.6,1.3,79.1,0,3.6,0
4.5,10.3,1.5,4.5,1.2,-1.7,65.1,3.6,6.2,0
0.5,2.8,3,4.7,1.9,-5.3,67.3,0.5,2.7,0
-2.1,3.2,0,3.3,0.9,-12.2,50.8,9,1.6,0
0.5,7.1,0,2.1,0.6,-7.8,56.4,3.5,2,0
2.1,4.9,3.5,3.4,1.1,-1.3,77.3,0,2.1,0
1.7,4.4,7.5,3,0.5,0.1,87.1,0,2.8,0
1.5,6.1,0.5,3.1,1.1,-2.2,76.3,2,4.4,0
1.5,7.4,0,2.4,0.7,-4.6,66.8,3.8,2.8,0
2.1,9.5,0,3.2,0.7,-6.1,59.8,6.8,4.5,0
3.6,11.3,0,2.5,0.6,-8,49,9.4,5.2,0
5.7,12.5,0,3.7,1.1,-6,45.5,7.8,6.1,0
4.1,11.8,0,3.7,1,-5.8,51.8,9,5,0
5.3,12.9,0,4.3,0.9,-4.3,52.6,7,5.8,0
8.4,14.5,0,3.6,1.3,-1.2,51.3,6.5,7.6,0
5.5,7.4,8,2.4,1,2.6,80.9,0,5.4,0
3.3,7,1.5,2.2,0.6,0.7,82,0.1,4.6,0
3.5,11.3,0,4.5,1.4,-3.3,65.4,5.6,5.6,0
5.1,13.6,0,3,0.8,-6.5,50.1,10.2,6.6,0
6.8,16.2,0,3.4,1,-4.5,49.9,9.9,6.7,0
8.7,15.8,0,3.9,1.6,-1.7,50.6,5.4,7.4,0
8.8,17.6,0,3.7,1.2,-1.3,52.6,9.7,10.1,0
6.9,14.3,0,3,0.6,-3.4,51.5,1,8.6,0
7.6,15.2,1,3.6,1.4,-0.5,58.4,4.5,7.4,0
7.3,11.6,0,4.8,1.8,2.4,70.9,2.1,8.2,0
9.9,17.5,0,3.6,1,0.7,55.6,4.1,10.4,0
8.2,13.7,9.5,5.9,2.4,0,59.1,6.5,8.7,0
5.1,11.9,0,3.4,1.2,-3.1,58.4,6.5,7.7,0
7,14.9,0,3.8,0.9,-4.6,48.8,8,8.9,0
11.5,19.3,0,4.3,0.9,-1.3,43.8,7.2,11.3,0
14.4,21.5,0,3.5,0.8,5.9,56,2.1,12.4,0
16,23,0,4.6,2.2,-4.2,26.6,10.2,15.3,0
12.3,21,0,5.7,1.9,-2.7,37.6,8.4,12.9,0
12.6,20.3,0,3.9,1.3,-5.3,31.8,7.4,12.4,0
12.2,18.7,0,4.5,1.6,-2.9,36,7,14.3,0
10.2,19.8,0,4.6,1.4,-6.3,35.5,10.5,12.5,1.5
11.4,21.3,0,4.3,1.5,-3.8,38.5,9.9,12.8,0
10.1,19.3,12.5,5.1,1.5,-1.6,50.5,1.9,10.2,0
9.2,14.6,16.5,3.9,1.5,5.2,75.8,0.5,9.8,0
5.6,9.4,2,3.1,1.3,2.2,77.4,0.1,7.6,0
9.5,19.5,0,3.9,0.8,-2.3,52.4,9.4,10.8,0
9,12,10,5,1,5.8,80.8,0,8.9,0
11.9,19.7,0,5.2,1.7,7.2,74.4,4.5,13.2,0
12.1,19,0,4.8,1.4,0.3,50,9.2,12.7,0
12.7,21.7,0,4.8,1,-2.1,41.6,9,15.3,0
13.5,22.9,0,4,1.5,-0.1,43.5,10.1,15.6,0
16.5,26.1,0,4.5,1.3,2.4,44.3,9.9,17.3,0
17,26.2,0,4.3,1.1,7.7,55.5,4.8,16.6,0
17.6,24.9,20,5.9,1.1,13.4,77.8,2.5,16,0
11.5,16.2,8.5,2.9,1.1,9.4,86,0,12.4,0
9.7,11.6,7.5,3.1,1.1,8,88,0,10.9,0
12.6,20,0,4,1.2,2.6,52.6,9.9,15.4,0
10.7,15.5,1,2.6,0.8,3.2,60,0,11.6,0
11.5,16,14.5,2.6,0.3,7.9,78.4,0.9,14.7,0
15.4,23.1,0,3,0.5,9.4,68.8,4.2,16.8,0
11.9,15,33.5,3.3,1.4,10,86.5,0,12.2,0
13.7,21.9,0,3.2,0.8,7.6,68.8,7.8,16.1,0
15.8,23.4,0,4.1,1.1,7.3,59.4,7.9,17.2,0
17.1,26.5,0,3.5,0.7,6.2,53,10.6,19.2,0
11.7,13.8,44,3.5,0.8,9.5,84.9,0,10.5,0
12.9,20.7,0,4.7,1.5,2.3,56.4,9.3,11.7,0
1.9,11.3,0,3.3,0.9,-6.7,56.1,6,1.4,0
-0.3,3.7,0,4.9,2.6,-10.7,49.6,7.3,0.8,0
-4.5,0.6,0,6,1.9,-15.4,46.1,8.3,-5.2,0
-2.4,2.8,2.8,4.3,1.7,-10.7,58.3,7,-3,0
-4.2,-0.2,0,4.9,2.8,-15.7,43.8,7.8,-4.5,0
-5.8,-0.8,0.4,4.3,1.5,-11.6,67.9,4,-6.4,0
-3.4,-0.1,0.3,5.5,2.5,-12,56.3,7.8,-3.7,0
-0.2,7.3,0,5.3,1.8,-8.4,58.6,6.1,-2.5,0
-3,4.2,0,2.8,1,-12.6,53,9.1,0.9,0
-2.1,5.9,0,2.8,0.8,-12.2,52.6,9,0.2,0
-0.8,5,0.1,2.4,0.7,-5.3,73,0,-1.4,0
-0.2,6.6,0,3.1,0.9,-5.9,69.6,6.8,-0.2,0
2,8.5,0,3.9,1.1,-8.6,51.6,3.6,2.1,0
3.6,7.7,2,6.7,3.8,-5.2,53.4,1.3,2.3,0
2.3,9.7,0,5.4,1.9,-7,53.5,9.3,1.8,0
4.1,11.8,0,4.1,1.2,-5.5,55,9.2,3.9,0
5.1,10.4,0,5.5,2.5,-7,45.3,8.1,6.6,0
3,12.2,0,3.8,0.9,-8.6,48.4,9.2,4.2,0
5.2,17,0,2.2,0.6,-9.6,42.4,9.3,7.4,0
7.9,21.1,0,4,0.9,-6.1,43.1,9.2,9,1
9.8,15.5,6,6,1.8,5.7,74.4,0,7.5,0
6,16.2,19,4.6,2.9,4.3,87.4,0,5.4,0
1.5,7.3,0,4.7,2.2,-5.7,59.8,5.1,3.6,0
2.6,8.7,0,4.4,1.4,-3.3,67.4,3,3.3,0
6.8,12.8,0.1,5.5,2.8,-0.6,58.5,4.7,7.6,0
1.8,5.8,0,6,2.8,-10.7,42.5,7.6,4.4,0
1.1,7,0,4.3,1.5,-8.6,53.3,8.8,0.9,0
4.6,12.8,2,4.2,1.1,-1.6,67.5,1.6,2.1,0
6,10.7,0.4,4,2,-4.7,50,7,8.9,0
3.6,10.2,0,4.8,2.2,-11.8,34,9,4.8,0
-0.7,3.6,0,4.7,2.5,-17.9,28.9,9.8,0.7,0
-2.3,1.8,0,3.5,1.2,-16.2,36,3.4,-1.3,0
-1,4.3,11.1,4.2,1.8,-11.3,51.8,7.5,2.6,0
-1.3,0.3,5.9,2.6,0.8,-2.6,91.5,0,-1.3,0
-4.5,0,0,4.4,2,-10.7,66.3,5.1,-4.6,0
-3.7,2,0,4,1.5,-12.1,58,9.9,-1.7,0
1.6,7.1,0,3.4,1.1,-3.7,69.8,5,1.7,0
5.7,13.4,0,3.6,1,-0.3,67.3,9.5,6.9,0
9.3,16.7,0,5.5,2.4,4.6,72.3,1.8,10.2,0
6.1,10.9,0,4.6,2.2,-12.8,26.3,4.8,7.1,0
5.8,13.5,0,4.3,1.4,-8.5,38.5,9.3,8,0
6.2,13.5,0,3.4,1,-4.6,47.5,7.4,6.9,0
6.6,12.6,0,4.4,1.3,1.8,70.9,2.6,5.8,0
7.4,16.8,0,3.3,0.9,-1.4,60.8,6.5,6,0
13,21.9,0,5.7,1.4,-0.3,44.9,5.6,11.6,0
8.3,18,11,7.2,2.8,2.5,66.6,0,8.8,0
2.5,9.3,0,3.8,1.7,-9.3,45.5,10.3,5.1,0
2.9,10.2,0,2.5,0.9,-8.4,47.8,7.8,4.5,0
6.1,14.6,0,3.8,1,-5.8,46.6,9.9,7.4,0
9.5,17.7,0,3.2,0.9,-4.1,41.6,5.6,9.6,0
10.8,17.4,0,3.4,1.5,-0.3,47.1,6.1,11.2,0
8.5,17.3,0,3.9,1.2,-4,46.5,9.6,8.1,0
8.1,15.4,0.3,4.6,1.6,-1.6,51.8,6.4,7.8,0
7.3,14.9,0,3.5,1,-2.2,53.5,5.7,6.4,0
8.9,18.4,0,3.4,1.1,-4.6,44.6,10.4,10.2,0
9.7,18.6,0,3.9,1.2,-4.8,41.4,10.4,11.1,0
10.7,20.7,0,5,1.4,-5.6,37.9,10.2,12.1,0
13.8,20.2,0.5,3.5,1.2,4.3,52.6,0.7,13.5,0
11.2,17.1,2,7.6,2.9,-0.5,49,7.6,12.2,0
7.9,15.4,0,6.1,2.1,-9.4,33.6,10.3,9.9,0
9,19.9,4.5,6.3,1.7,-4,47.6,5.8,8.7,0
5.9,9.7,1,5.5,3,0.5,68.4,2.5,6.3,0
5.7,9.9,0,3.4,1.7,-1.2,62,1.2,5.4,0
6.6,13.8,0,4.7,1.6,-4.2,52.3,10.2,8.5,0
8.8,17.6,0,4.5,1.7,-4.7,41.8,10.9,10.7,0
7.4,13,0.5,4.1,1.1,0.1,61.9,0.2,7,0
9.7,16.9,0.2,5,1.7,-0.5,54.4,5.8,10.1,0
9.4,18.7,0,4.7,1.7,-6,37.1,10.9,11.8,0
12.8,22.6,0,3.8,1.5,0,43.4,10.5,14.4,0
15.1,24,0,3.4,1.1,1.2,44.4,8.9,16.2,0
17,24.4,0,4.1,1.5,2.3,39.8,10.5,18.5,0
17,25.4,0,2.9,1.2,5,47.6,8,18.2,0
17.6,24.4,0,4.7,2,4.7,43.3,9.8,19.4,0
17.1,25.3,0,5,1.6,1.4,40.5,10.9,18.9,0.2
14.6,24.3,0,5.3,1.3,-1,38.1,7.5,15,0
16.4,24.9,0,5.5,1.9,3.5,42.9,9.9,17.2,0
17.7,26.6,0,4.5,1.5,2.7,43.3,10.7,18.5,0
19.1,29.5,1.5,6.3,1.6,4.2,45,7.2,20.7,0
15.9,17.4,8.5,5.6,1.6,13.9,86.6,0,14.6,0
16.8,24.2,0,4.8,2,7.3,57.3,8.4,16.4,0
17.4,27.8,0,4.6,1,9.1,59.8,6.2,15.9,0
16.1,23.7,2,4.3,1.3,12,77.1,1.6,15,0
12.5,19,0,4.1,1.8,-1.4,44.6,11.1,14.7,0
11.6,19.7,0,5.7,1.8,-2.4,42.5,10.7,13.8,0
12.7,20.9,0,6,1.9,-6.5,30.6,10.5,14.6,0
9.7,16.6,30,4.5,1.7,2.2,62.6,0,8.4,0
7.1,9.8,13,4.7,1.9,4.4,81.9,0,6.8,0
10.2,20,0,3.7,1.3,2.5,64.3,9.3,11.8,0
14.4,23.9,0,4.4,1.3,1.5,48.5,11.4,15.5,0
16.1,23.2,0,3.4,1,8.5,60.5,2,15.7,0
-9.9,-5.3,0,6.3,3.5,-23.1,38.1,7.8,-4.5,0
-8,-1.2,0,4.1,1.6,-17.2,54.5,8.8,-3.9,0
-5.2,1.9,0,3.3,1,-15.4,50.9,8.7,-2.6,0
-2.3,3.8,0,4.6,1.2,-13,47.6,7.6,-1.1,0
-1.6,5.7,0,3.2,0.9,-13.8,44.1,8.4,-0.2,0
-1.9,8.5,0,1.6,0.6,-12.8,47.8,5.7,-0.3,0
1.6,5.9,0,2.2,0.7,-4.2,65.3,0,-0.4,0
1.2,6.2,1.5,4,0.9,-2,80.1,3,0.8,0
-2,2.7,0,3.3,1.2,-7.4,70.3,0,-0.7,0
-4.2,1.5,0,4.2,2,-18,38.5,9.2,-1.2,0
-6.5,0.2,0,4.1,1.5,-19.3,41.8,9,-1.9,0
-6.3,0.8,0,2.9,0.8,-18,45.5,1.8,-2.5,0
-4.3,3.8,0,4,1,-14.7,50.6,9.2,-2,0
-0.1,6.6,0,1.7,0.6,-12.1,45.4,3.2,-1,0
3.3,11.6,3,5.4,1.7,-5.6,56.1,0.5,0.5,0
2.5,5.4,13,3.8,1.5,0.9,87.4,0,0.7,0
4.2,11.2,0,4.5,1.2,-1.5,68.6,6.9,2.5,0
3.3,4.9,0,4.3,2,-4,57.9,0,0.9,0
-1.7,2.5,1.3,7.2,2.7,-10.1,59,4.7,0.4,0
-6.7,-1.2,0,5.6,2.8,-19.1,41.1,8,-2.1,0
-6.4,-0.4,0,5,1.7,-17.9,45.8,9.7,-1.9,0
-1.6,4.7,4,7.7,2.6,-6.4,71.8,0,-1.6,0
-0.5,3.4,0,6,2.7,-11.9,45.3,7.2,0.7,0
-0.8,7.1,0,4.3,1.4,-15.4,37.1,6.3,0.6,0
-3.4,1.4,0,6.3,2.5,-17.7,35.5,9.7,-0.1,0
-5,1.2,0,4.4,1.8,-18.1,41.1,9.7,-1,0
-3.2,4.1,0,3.6,1.3,-14.8,46.4,9.6,-1,0
0.4,7.5,0,4.5,1.6,-10.2,49.3,8.6,1.1,0
0.1,6.4,0,3.8,1.4,-11.6,47.1,9.3,1,0
0.5,5.6,3.1,3.3,1.4,-5.6,64.9,5.2,1.3,0
-1.2,4.6,0,4.7,1.6,-11.6,49.9,9.6,0.8,0
-1.7,5.1,0,2.9,0.9,-10.8,54,4.7,0.3,0
-1.9,5.8,2,3.5,1,-5.7,77.8,5.4,0,0
0.5,7,0,4.5,1.5,-7.3,61.3,7.2,2.4,0
5,12,0,5.5,2.1,-2.3,60,6.2,2.7,0
6.3,12.5,0,4.9,2,-4.8,50,7.8,4.2,0
6.5,16.7,0,3.2,0.7,-5.5,47.1,9.5,4.5,0
11.4,15,14.5,4.2,1.8,6.7,72.9,0,6.8,0
2,7.9,7,5.3,2.9,-1.6,77.4,0.2,3.7,0
-3.3,1,0,5.8,3.6,-16.9,36.3,9.9,0.8,0
-1.7,4.2,0,5.9,2.6,-15.4,37.5,9.5,1.1,0
1.4,9.7,0,4.2,1.6,-9.8,47.3,10,2.5,0
3.7,11,0,4.3,1.3,-3.9,60,4.6,3.6,0
8,15,0,4.2,0.9,-1,55,7.2,7.1,0
5.9,9.9,13,4.8,1.9,2.4,77.5,0.8,6,0
4.6,10.3,0,5.1,3.1,-5.5,49.8,9.2,5.6,0
4.8,12.6,0,3.8,1.4,-6.5,47.9,10.1,5.5,0
6,12.6,0,4.8,2,-2.9,53.9,7.7,6.3,0
7.8,16.3,0.2,4.2,1.5,-3.2,52,7.1,6.2,0
7.7,15.4,6.5,3.1,1.3,2.2,70,6.5,9.1,0
7.8,14.4,0.5,4.9,1.5,-1.1,56,2.3,7.1,0
1.7,5.8,6.7,6.7,2.6,-5,65.4,2.6,2.5,0
3.3,8.6,0,6.3,3,-6.8,49.3,8.6,3.8,0
6.8,14,0,3.5,1.3,0.8,66.8,6.6,6.8,0
8.8,19.4,0,3.3,1,-0.6,57.8,9.8,8.8,0
7.8,16.6,0,5.1,1.9,0,58.9,9,7.9,0
5.6,12.4,0,5.1,2.2,-8.2,41,10.4,7.2,0
7,14.6,0,6.4,2.3,-5.5,45.1,10.3,7.5,0
9,17.5,0,5.5,1.7,-3.7,46.8,9.3,9.2,0
9.9,17.8,0,3.7,1.1,-4.6,39.1,6.4,9.2,0
11,19.3,0,5.1,1.7,-4.3,39.9,8.3,10.2,0
8.2,14.2,1.5,4.9,1.9,-0.7,55.8,5.6,10.6,0
8.8,16.6,0,5.5,1.8,-3.8,45.6,9.2,9.8,0
12.8,23,0,4.3,1.4,-0.6,42.4,10,12.1,0
12.7,20.5,4.5,7.1,2.2,7.3,69.6,0.2,10.1,0
14.4,16.7,0,4.1,1.9,10.7,77.1,0,12.1,0
14.6,24.6,0,5.5,1.1,5,59.1,7.3,13.1,0
14,16.1,13,6.7,4.2,7.1,64.1,1.1,11.2,0
12.5,17,35,4.1,1.9,9.7,82.1,1.7,12.5,0
12.3,18,0,4,1.6,2.2,53.1,7.1,12.8,0
11.3,17.7,0,3.6,1.5,4,60.8,1.4,12.2,0
11,16.9,0,4.4,2.1,1.3,52.1,8.6,12.5,0
11,19.1,0,7.1,2.8,0.3,50.6,10,12.3,0
10.1,17.2,0,4.9,2.1,-5,41.6,11.2,13.5,0
10,19.2,0,5,1.7,-7.3,33.6,11.1,13,0
13,21.6,0,4.5,1.1,-1.1,40.4,6,13,0
14.7,22,5.5,3.3,1.1,7.6,63.4,2.8,14.5,0
16.7,24.5,15,5.9,1.9,7.3,59.6,1.5,14.8,0
11.6,15.6,5,7.3,3.4,-0.3,47.6,10.1,13.6,0
10.9,16.2,0,6.9,3.1,-1.2,44,7.6,11.2,0
11.3,18.4,0,5.7,2.5,-1.6,43.5,9,11.8,0
12.1,20.3,0,3.6,1.1,0.9,49.5,11.4,14.8,0
14.5,22.5,0,5,1.8,1.6,45.1,9.4,15.1,0
15,21.5,0,4.8,2,2.1,44,10.2,17.5,0
15.2,22.3,0,5.2,1.7,3.2,48,11.4,17.7,0
17,25.2,0,5.9,2.2,4.1,45.8,4,16,0
21.7,29.4,0,8.1,2.9,13.2,58.8,8.3,21.4,0
21.2,28.6,0,3.5,1.5,9.5,50.4,9,23.2,0
24.1,33.2,0,3.6,1.3,12.9,51.3,9,24.6,0
1.3,4.6,5.5,3.8,1.3,-1.5,81.6,1.4,1,0
-1.7,2.9,0,5.4,2.1,-10.6,55.3,8.6,-0.7,0
-10.2,-3.8,0,4.8,2.6,-22.4,42.4,8.5,-4.3,0
-9.4,-2.9,0,4.3,1.6,-20.2,48.4,9,-5.6,0
-6.9,-1.7,0,2.1,0.9,-17.1,51.1,5.9,-4.6,0
-0.9,4.2,0,2.5,0.7,-9.3,54.1,3.6,-0.9,0
-0.6,1.2,10.5,4,1.7,-2.4,88,0,-0.5,0
-7.7,-3.1,1.2,4.5,2.3,-13.5,69.5,2.2,-0.6,0
-7.2,-1.2,0,3.3,1.2,-13.1,69.1,7.3,-1.2,0
-0.6,3.4,0.1,4,1.3,-5,73.3,1.7,-0.9,0
0.5,5.9,0,4.4,1.4,-7.9,57.4,5.7,-0.9,0
-2.4,3.9,0,3.6,1.6,-13.5,46.8,9.3,-1.6,0
0.7,10.3,0,2.6,0.9,-7.1,59.9,7.6,-0.5,0
3.5,6.7,9.5,2.4,0.8,2.8,93.1,0,-0.1,0
3.4,5.1,0,2.2,0.7,2,89.1,0,0.3,0
1.8,7.8,0,6.9,2.1,-5.9,63.8,4.2,1.6,0
-4.4,0,0,4.5,2.5,-18.2,37.8,9.6,-0.8,0
-2.5,4.4,0,3.9,1.1,-10.1,60.3,5.5,-0.4,0
0.3,6.8,0,3.1,0.5,-6,65.1,3.9,0.6,0
2.3,10.9,0,3.6,0.9,-5.8,61.3,9.2,1.6,0
3.5,12.6,0,4.3,1,-5.3,58.4,7.6,1.7,0
3.2,8.4,0,4,1.6,-2.7,65.5,2.9,1.6,0
0.8,8,0,3.5,1.1,-9.5,52.3,8.9,1.2,0
2.9,11.7,0,2.7,0.8,-10.5,42.9,9.6,2.5,0
4.3,12,0,3,0.9,-6.2,49.1,4,1.3,0
2.5,6.8,0,6,2.4,-8.5,45.8,4.5,2.6,0
0,6.7,0,3.3,1.1,-12.1,43.4,9.3,0.9,0
2.6,5.4,0.3,3.8,1.3,-3,66.1,0,1.9,0
0.9,3.9,1,5.1,2.3,-4.4,69.5,4.1,2.3,0
-1.4,1.8,0.2,5.3,2.4,-8,63.8,1.8,0.3,0
-0.4,5.8,0,4.4,1.8,-10.1,52.5,9.9,1.1,0
2.2,9.9,0.5,5.2,1.2,-7.1,56.1,8,2.2,0
7.4,16.3,0,5.5,1.5,-1.2,60.4,7.6,6.3,0
6,15,0,4,1.3,-3.8,54.1,8.8,4.9,0
5.4,13.8,0,5,1.6,-5.2,52.9,8.5,3.8,0
5.4,13.2,0,2.3,0.9,-4.3,53.9,7.7,4.8,0
9.2,16,0,5.2,1.4,-1,50.3,1.5,7.2,0
9.9,17.4,0,5,1.7,2.1,60.4,8.2,8.4,0
8.1,11.3,0,4.6,2.2,-0.2,58.3,0,7.6,0
-2.8,4.3,0,7.6,4,-17.5,34,7.9,1,0
-3.7,2.2,0.5,4.3,1.9,-11.4,59,3.5,-1.6,0
-0.1,6.9,0,5.9,2.5,-11.1,47.3,9.9,2.2,0
5,12.3,0,4.7,1.5,-4.8,53.1,8.3,4.4,0
3.7,6.6,5,2.8,1,1.3,83.6,0,3.7,0
7,14.4,0,2.6,0.8,1.2,68.4,5.9,7.9,0
7.7,14.8,0,5.4,1.7,1.2,63.6,3.3,7.7,0
4.5,11,0,5.8,2.2,-10.4,37.6,10.2,5.1,0
4,10.6,0,3.6,1.1,-7.1,47.3,5.4,3.8,0
8.8,17.2,0,2.7,1,-7.4,36.6,9.6,8,0
10.3,18.5,0,5.6,1.8,-2.4,43.8,5.1,9,0
7.4,13.9,0,5.5,3,-5.3,45.5,8.3,10,0
5.2,13.6,0,3.9,1.3,-7.4,44.5,10.1,7,0
9.3,17.5,0,6.2,2.6,-4.5,41.3,7.7,8.9,0
8.4,13.7,0,4.2,2,-10.7,31.3,9,10.3,0
7.7,14.3,0,5.1,1.8,-8.6,32.3,8.5,8.8,0
2.9,6.5,1.5,6.1,2.8,-5.1,56.4,0.6,4.9,0
3,8.3,5.5,5,2.2,-7.1,51.9,6.2,3.5,0
4,10.2,0.5,5.7,2.2,-6.1,54.1,10.2,5.1,0
6.1,15.3,0,3.6,1,-6.3,46.5,9.4,6.9,0
8.6,12.3,6.5,2.7,0.9,3.2,70.3,0,7,0
7,12.1,1.5,4.6,1.9,5.4,88.5,0,6.5,0
9.1,19.1,0,3.4,0.9,3.6,71.5,6.3,10.3,0
10.2,13.5,1,2.4,0.8,6.1,75,0,9,0
11.3,19.4,0,5.5,1.5,1.7,55,7.4,11.1,0
9.1,13.9,0,2.6,1,1.4,59,0.3,8.5,0
11.7,17,1.5,5.2,2.3,4.8,64.3,2.9,11,0
10.7,16.8,0,4.3,2.4,-2.3,43.6,2.4,10.5,0
15,21.4,0.1,5.6,2.6,3.9,48.9,3.4,13.9,0
13.9,17.7,18,5.7,2.2,9.3,73.5,0.1,13.1,0
13.3,17.6,4.5,6.3,2.6,8.4,71.6,0.6,11.9,0
16,24,0,3.5,1.5,8.9,64.4,8.9,15.8,0
8.2,13.3,0,4.4,2.2,2.3,65.3,0,8.9,0
11,19.3,0,3.6,1.4,-4.8,39.8,9.8,12.6,0
9.3,14.8,0,3.5,1.1,-6,36.5,1.6,8.2,0
7.6,13.8,0,5.7,3.4,-7.5,38.5,11.1,10.6,0
10.4,18,0,5.1,1.6,-3.9,39.1,3.1,10.7,0
16.9,23.2,0,6.1,2.4,2.3,40,7.1,16.1,0
10.5,17.6,38,6.7,3.5,6.7,77.4,0.2,10.3,0
5.7,7.8,4,6.4,3.2,0.3,68,0,5.1,0
10.4,19.1,0,5,1.9,1.2,55.5,11.4,11.1,0
12.1,20.4,0,3.5,1.3,-0.4,46,7.2,13.6,0
9.1,18,3.5,7.9,2.1,3.3,66.8,5.8,9.1,0
9.9,17,0,6.7,2.7,-0.7,52,9.3,10.7,0
11.6,19.4,0,4.8,1.9,-2.8,39.8,11.1,12.9,0
11.8,18.9,0,4.8,1.5,1.5,51.6,1,12.4,0
12.3,19.5,0.4,4.7,1.6,5.7,64.8,5.7,15.2,0
13.3,20.8,0,4.1,1.5,0.9,47.8,8.8,14.7,0
14.6,21.1,0,4.3,1.8,3.8,48.8,7.1,16.2,0
17.5,24,0.5,4.9,1.9,11.4,67.5,0.9,16.5,0
-5.6,-0.9,0,3.7,1.8,-14.6,53.4,8,-5.2,0
-5.7,0.7,0,3,1.2,-15,53.3,8.8,-5.9,0
-1,5.6,0.2,4.3,1.6,-6.2,69.4,1.3,-2.1,0
0.4,9.8,0,1.6,0.5,-7.7,60.4,8.8,-2,0
1.4,9.6,0,2.7,0.6,-4.9,65.6,7.5,-0.5,0
4.8,13.1,0,2.2,0.5,-0.1,70.8,4.3,2.4,0
3.9,14.1,0,2.1,0.5,-1.4,71.1,7.5,1.1,0
4.3,8,3,2.5,0.6,2.4,86,0.2,2.5,0
4.6,6.8,0.2,4.2,1.5,1.8,81.6,0.6,2.8,0
2.9,7.4,0.2,5.8,2.2,-3,65.4,2.5,1.6,0
0.5,6.6,0,4.6,1.4,-8.2,56.4,9,-0.2,0
0.9,8.6,0,2.6,0.6,-6.5,61,8.1,0.3,0
1.4,5.8,19,3,0.7,-2.5,76.5,0,-0.2,0
0.6,5.2,1.5,7.9,3.1,-6.6,62.1,6.4,1.6,0
-0.6,5.6,0,5.3,2,-15.4,34.9,9.4,-1.7,0
1.4,10.9,0,1.9,0.7,-9.9,48.8,9.5,-0.6,0
3.2,9.7,0,2.2,0.5,-2.9,64.3,0.4,1.3,0
4.7,14,0,4.7,0.9,-4.9,56,9.3,2.6,0
2.8,11.4,0,2.8,0.7,-4.3,61.6,8.1,2.1,0
4.1,13.6,0,2.8,0.6,-4.8,57.9,9.3,2.2,0
4.1,13,0,3.9,0.8,-3.2,61.4,7.7,2.7,0
6.3,14.8,0,3.8,1.1,-2.5,59,1.7,3.6,0
5,10.4,0,4,2.1,-7,45.9,9.6,3.1,0
2.6,9.5,0,2.8,0.8,-8.3,47,3.7,2,0
6.1,11,0,4.3,1.5,-1.8,56.8,2.8,4.4,0
6,14.5,0,2.7,0.9,-3.4,55.3,9.6,3.1,0
5.7,14.2,0,3.5,1.1,-2,58.9,3.6,3.6,0
6.1,15.6,0,3.1,1.2,-4.7,49.9,9.6,3.3,0
7.6,19.1,0,4.3,0.8,-5.8,43.5,4.8,5.2,0
7.7,8.7,19,3.1,0.9,4.4,80.5,0,6.2,0
10.4,14.7,1,1.5,0.3,8.7,88.1,0.1,9.8,0
12.6,15.3,19,6,3,9,78,1,10.9,0
-1.2,8.9,5,7.4,4.2,-5.3,74.9,0,2,0
-4.5,0,0,5.6,3.4,-16.1,43.4,9.9,-1.7,0
-3,1.4,1.3,4.9,2,-11.5,56.3,6.9,-1.3,0
-0.5,4.9,1.2,4.7,1.3,-6,69.1,5.3,2,0
3.3,10.3,0,4,0.9,-3.3,65,7.1,3,0
1.5,9.9,2.5,6.4,2.3,-6.3,58.6,2.9,1.4,0
-0.4,5.2,0,8.1,2.8,-13.2,39,7.2,0.1,0
2.4,9.7,0,5.3,2.2,-9.8,44.4,9.6,0.8,0
3.9,11.8,0,5,1.5,-7.1,49.6,9.1,2.6,0
4.8,13.3,0,3.2,0.8,-5.2,51.1,8.3,3.5,0
8,15.5,0,3.9,1.2,-3.8,48,8.2,6.6,0
7.8,13.8,0,3.2,1.4,-2.2,51.6,6.3,7.8,0
5.9,10.7,2,4.1,2.2,0.3,67,2.2,7.5,0
5.6,12.5,0,3.7,1.4,-3,56.5,5.7,6.5,0
4.8,13.4,0,4,1.5,-4.2,54,7.4,4.6,0
4.8,10.6,0,4,1.8,-3.3,56.3,3.8,4.5,0
5.8,8.5,0.4,2.2,0.7,1.3,71.8,0,5.1,0
7.8,13.4,0,3,1,2.9,70.8,1.6,6.8,0
9.5,18.7,0.5,3.6,0.9,2.2,64.3,5.3,9.4,0
9.2,11.1,21,3.4,1.2,8.1,91.1,0,8.8,0
9.8,15.1,0,4.7,2.2,1.8,60.3,7.9,9.9,0
8.2,15,0.5,4.5,1.2,2.2,67,4.2,7.3,0
10.5,15.6,0,4.2,1.6,4.5,65.9,1.4,9.5,0
7.2,16.3,15,6.2,1.4,3.9,80.6,0,6.9,0
6.5,13.2,13.5,3.3,1.3,2.9,78.9,1.3,6.5,0
9.8,16.7,0.1,3.1,1.2,2.4,63,8.6,11.1,0
8.8,11.6,31,3.8,1.7,6.7,85.4,0,8.2,0
8.9,14,0,3.8,1.3,2.4,65.3,0.1,8.7,0
6.5,11.7,0,4.8,2.3,-4,48.8,8.6,8,0
5.5,10.9,0.1,6.6,2.5,-5,49.3,6.9,8.6,0
5.6,12.7,0,4.3,1.6,-4.7,52.4,8.8,7.9,0
8.1,15.4,0,4,1.3,-5,44.6,9.4,10.4,0
10.6,17.7,0,3.8,1.5,-1.5,45,6,13.1,0
8.6,15.4,0,3.8,1.4,0.6,58,3.4,10.8,0
9.1,16.1,0,5.2,1.5,1.8,61.8,7.8,11.5,0
9.8,17.9,0,4.7,1.7,-2.7,48.1,10.7,13,0
9,17.7,2,5.7,1.4,0.4,57.9,2.1,9.2,0
12.7,19.7,0,4.8,1.7,2.5,54.4,8.5,14.1,0
11.9,17.9,1,3.4,1.1,6.4,70.1,1.1,12.1,0
10,16,4,5.5,2.5,7.1,81.4,0,9.3,0
11.4,18.3,0,5.1,1.7,2.7,57.9,7.6,12.7,0
12.8,19.6,0,4.3,1.7,1.7,47.8,8.1,15.3,0
9.8,14.5,1,3.8,1.5,4,66.4,1.9,11.6,0
9.8,15.4,0.1,5.3,1.7,2.8,61.4,3.8,12.6,0
11.4,17.6,0,3.8,1.3,1.1,52.6,7.7,15,0
11.9,20,0,5.3,1.7,-1.1,43.9,8.4,14.5,0
13,20,5,5.3,1.6,5.7,64.1,2.6,13,0
18.9,26,1.5,4.5,1.6,12.3,67.6,7.9,20.2,0
15.3,18.8,0.5,4.4,2.2,4.8,52.3,0,15.9,0
13.8,21.4,0,3.4,1.2,-1.8,38,10.3,17.8,0
11.9,17.5,0,3.9,1.3,1.9,51,0.9,13.3,0
13.7,20,0,5.5,2.2,4.7,55.6,8.8,16.9,0
15,22.9,0,5.2,1.8,2.1,47.9,10.8,18.5,0
14.9,23.4,0,5.3,2.1,-0.5,38.6,9.4,18.1,0
14.5,23.7,0,5,1.9,-1.7,36.5,11.4,19.4,0
15.5,24.6,0,4.6,1.6,-1.5,35.1,11.5,19.9,0
14.3,19.5,0.1,3.3,0.8,1.8,44.1,0.7,14.6,0
-4.9,2.2,0,3,0.8,-13.7,54.9,8.2,-2.5,0
-3.3,4,0,1.8,0.7,-12.9,52.4,8.1,-1.2,0
-2.7,3.5,0,3.5,0.9,-9.5,60.8,4.6,-1.8,0
-3.6,2.6,0,4.3,1.7,-10.7,60.9,7.9,-1.4,0
-4.3,1.9,0,2.7,1.1,-13.4,52.4,5.6,-1.7,0
-3.6,2.2,0,3.4,1.3,-13.2,51.4,8.6,-0.6,0
-5.2,0.9,0,3.9,1.1,-13.2,56.5,8.7,-2,0
-5,1.1,0,3.2,0.8,-12.7,57.8,4.9,-2.9,0
-3.4,1.4,0.1,3.5,1.2,-10.5,60,6.2,-0.6,0
-3.1,4.3,0,2.3,0.8,-11.3,56.8,7.1,-0.8,0
-2.2,4.1,0,3.6,1.3,-11.2,54.5,4.2,0.2,0
-5.5,-1.1,0,4.4,2.3,-22.7,25.4,8.8,-1.4,0
-7.2,-0.6,0,3.9,1.5,-19.8,40.1,9.3,-2.7,0
-3.9,3,0,3.7,1.4,-15.6,43.6,9.3,-1.5,0
-2.8,2.2,0,4.5,2.1,-16.8,38.4,9.3,0.2,0
-4.7,0.9,0,5.8,1.9,-16.9,42.1,9.5,-1.4,0.1
-3.7,3.1,0,3.6,1.2,-16.3,43.6,9.5,-0.3,0
-3.3,4.7,0,3.3,0.8,-15.3,43.8,9.2,0.1,0
-1,5.7,0,3.6,1.2,-9.9,53.9,8.7,0.2,0
2.6,8.5,0,5.1,1.8,-8,51.9,9,3.6,0
0.7,9.2,0,2.9,0.7,-10.1,48.8,8.4,1.9,0
5.2,11.9,2,6.4,1.6,-4.2,52.3,6.2,3.9,0
-1.8,4,0,5.2,2.7,-12.3,46.6,5.7,1.4,0
-2.5,4.7,0,2.6,0.8,-11.8,52.8,9.6,1.5,0
-1.6,5.3,3.3,3.4,0.8,-5.5,77.3,2,-1,0
-0.6,1.9,5.1,3.9,1.7,-5.2,72.8,2,0,0
-0.5,7,0,4.6,1.5,-8.3,58.9,7,1.6,0
0.7,8,0,2.9,1.1,-5.3,66.3,9.2,2.4,0
3.2,10.5,0,4.2,1.6,-2.8,66.3,1.7,2.3,0
2.4,8.8,0,4.1,1.5,-7.5,51.8,9.7,3.7,0
1.1,5,0,2.3,0.6,-4.3,68.4,0,0.6,0
2.1,8.2,0,3.6,1,-3,71.3,3,1.7,0
0.7,3.7,3.4,2.2,0.9,-1.2,87.3,0.6,1.3,0
2.2,8,0,4.1,1.3,-5.5,61.5,7.3,4,0
0.7,4.8,1,3,0.8,-1.6,84.8,1.3,0,0
3.4,9.5,0,2.8,1,-3.4,65.5,7.9,4.9,0
3.5,11.6,0,3,0.9,-5.7,56.6,9.9,6.1,0
5.4,12.9,0,3.4,1.3,-5,51.3,9.5,6.2,0
5.2,11.7,0,2.7,0.9,-1.5,63.6,5.6,6.6,0
7.2,15.4,0,2.1,0.8,1.5,68.6,3.7,8.3,0
9.6,19.4,0,3.8,1,0.9,60.3,9.2,9.5,0
9,13.7,2,3.1,0.9,3.6,70.6,0,7.6,0
8.4,14.3,1.5,3.3,1.2,0.5,63.3,9,12,0
7.9,15.7,0,4.1,1.7,-1.9,53.6,8.4,9.6,0
8.4,14.5,0,4,1.8,-4.1,47.3,9.9,11.6,0
7.7,17.3,0,2.3,0.9,-6.6,43,9.6,10,0
10.6,20.2,0,3.1,0.9,-3,42.8,8.5,10.4,0
8.6,16.2,0,7.8,2.3,-1.6,49.1,5.3,11.1,0
8.5,18.5,0,2.9,1.1,-7.7,36,10,11.4,0
10.3,21,0,3.1,1,-7.1,34.9,9.1,11.1,0
11.5,19.7,6,4.3,1.3,-3.4,44.1,4.3,11.6,0
8.2,10,36.5,4.1,1.7,6.9,92.1,0,8.7,0
7.7,14.4,5,5.6,2.4,1.6,67.6,5,8.6,0
4.3,8.3,0,4.9,2.2,-0.7,70.1,0.4,5.2,0
5.7,10.7,0.5,5.2,2.1,-1.3,62.4,3.9,6.8,0
7.2,11.7,0,4.8,2.2,-1.9,55.4,4.5,8.9,0
6.3,12.5,0,3.1,1.1,-1.5,61.1,8.1,8.9,0
6,7.9,7,3,1.2,3.1,82.8,0,7.2,0
6.7,10.2,2,3,1.2,3.4,80.8,0.1,8.3,0
5.9,11.2,3.5,3.7,1.2,2.3,79.9,1.4,8.8,0
7,15.4,0,4.4,1.6,0.1,67.4,5.9,9.6,0
7,10.6,2.5,4.3,1.7,2.3,72.5,0.2,7.1,0
8.3,15.6,0,5.5,1.8,-3.1,51.3,10.2,10.5,0
9.1,17.8,0,4.5,1.6,-4.1,43.6,10.3,10.6,0
12.1,20.7,0,3.9,1.2,-0.3,46.5,9.2,12.6,0.18
14.1,23.5,0.4,4.7,1.4,-0.7,45.3,7.8,14.4,0
12.8,20,0.5,3.4,1.4,4.5,60.6,5.7,14.4,0
15.2,24.7,0,2.5,1.1,-1.5,40.8,10.3,16.7,0
12,16.1,10,6.2,2.7,1.9,55,0,9.8,0
13.2,18.9,4,6.1,3.2,3.4,53.9,6.5,13.7,0
13.5,22.4,0,3.8,1.5,2.8,52.1,7.4,14.1,0
12.1,17.5,0,4.3,2,4.3,60.6,2.5,13,0
10.6,14.6,0.5,4,1.1,7.6,82.4,0.1,12.7,0
13.3,21.8,0,2.8,1,4.1,61.4,8.5,15.9,0
15.5,24.3,0,3.1,1,1.3,45,9.3,17,0
17.7,25.9,0,4.2,1.2,3.5,43.4,8.1,17.4,0
15.7,21,0,6,2,6.4,55,6,17.7,0
17.1,26.9,0,4,1.2,2.6,47.6,10.8,19.6,0
18.4,28.1,0,4.4,1.4,0.4,36.9,10.8,19.9,0
18.4,27.4,0,4.3,1.8,-1,31.8,8.5,20.5,0
18.9,25.2,0,3.9,1.5,-1.7,26.8,0.8,19.2,0
17.2,22.5,2.5,2.9,1.2,4.1,45.1,0,17.3,0
11,14.1,5,4.4,2.1,7.2,78.5,0.7,12.9,0
9.6,16.1,0,4.2,2.2,-3,44.5,9,13.9,0
11.6,19.7,6,5.1,1.7,3.2,60.8,3,12.4,0
9.5,13.8,10,5.5,2.4,5.6,78.5,0.4,11.8,0
7.8,11.9,1.5,2.8,0.8,4.6,81.1,2.9,9.9,0
11.3,20.4,0,3.2,1.1,1.7,61.3,8.9,15.1,0
14.6,22.3,0,2.9,0.9,8.4,68.4,7,16.8,0
17.5,26.2,0,3.6,1.2,9.7,65.5,6,19,0
2.2,10.2,0,2.6,0.6,-4.5,64.5,8.4,1.8,0
3.3,9.6,0,2.1,0.6,-1.2,73.4,0.2,1,0
5.4,11.9,0,3,0.7,-0.2,70,5.3,2.8,0
4.4,10.6,0,3.8,1,-5.1,54.4,8.3,3.3,0
3.7,5.6,0,2.4,0.8,-2.8,63.1,0,1.4,0
1.6,8.1,0,2.9,0.8,-2.5,75.9,1.9,2.5,0
0.9,4.4,0,1.9,0.5,-1.9,81.9,0,0.3,0
2.8,9,0,2.3,0.8,-2.5,70,5.5,3.3,0
3.9,9.1,0,4,1.4,-5.3,54.5,3.5,2.7,0
3.4,6.5,0,3.1,1.2,-1.7,69.4,0.2,2.3,0
3.7,8.8,0.2,2.4,0.8,0,77.5,0,2.4,0
5.5,12.4,0.1,6,1.3,-3.5,59.8,1.9,3.3,0
12.3,17.9,25,6.6,2.8,8.5,78.8,0,8.3,0
4.4,8.3,0,3.6,1.4,0.8,78.3,0.7,5.4,0
-0.2,2.6,0,4.7,1.9,-8.6,57.1,0.4,2,0
-4.9,-0.6,0,6,2.3,-21.7,28,9.5,0.8,0
-4.8,1.4,0,3.3,1.3,-16.5,43.1,9.6,0.6,0
-2.4,2.8,0,3.2,1.2,-12.5,49,6.2,1.2,0
0.4,5.4,1.6,2.9,1,-7.1,60.6,0,0.7,0
-1.1,2,0.9,7.2,2.6,-8.3,61.1,4.5,1.9,0
-3.1,3.6,0,4,1.2,-11.5,55.5,9.5,1.7,0
1.5,7.6,0,2.4,0.7,-4.4,65.6,0.5,1.5,0
5.6,13.4,0,4.7,1.1,-1.4,64.1,7,5.3,0
6.7,11.9,0,4.1,1,1,67.6,0.3,5.3,0
5,10.5,0,3.9,1.4,-4.2,55.9,4.5,5.5,0
2.7,9.1,0,2.5,0.9,-10.2,42.9,7.2,4.5,0
3.9,11.2,0,2.7,1,-10.5,38.9,8.9,5.2,0
4,11.9,0,3.5,1.1,-8.8,43.1,9.4,5.3,0
3.2,11.7,0,5.2,1.5,-10.4,42.1,9.7,4.7,0
3.9,10.2,0,2.9,1.2,-7.3,46,6.9,5,0
3.1,5.4,2,3.6,1.6,-0.1,80.9,0,4.9,0
3.9,10.2,0,2.9,1.2,-2.1,67.8,6.9,7.2,0
5.1,10.8,4.5,3.7,1,1,75.9,0.3,4.6,0
3.2,8.1,0.5,6.4,2.8,-7.2,51.6,6.6,6.4,0
1.7,8.7,0,3.6,1.3,-10.4,43,9.8,4.6,0
4.8,13.4,0,3.8,1.1,-8.2,43.8,8.6,6,0
5.8,13.9,0,3.7,1.2,-3.2,55.4,8.4,7,0
4.6,11.5,0,4.1,1.6,-9.4,43.3,9.9,6.7,0
3.5,11.2,0,3,1,-11,38.9,7.2,6.2,0
7.2,15.5,2.5,4.3,1.6,-8.7,39.1,4.9,6.5,0
3.7,6.6,12,5.3,2.3,-0.9,74.8,0,4.8,0
-0.1,5,0,4.8,2.7,-14,35.8,9.9,4.1,0
4.7,10.9,0,4.5,1.7,-4.7,52.8,6.2,4.9,0
11,17.1,0,4.3,2.2,2.4,57.6,5.6,9.8,0
11.8,22.2,0,4.9,1.6,-1.6,49.3,9,10.4,0
18.7,23.4,0,5.4,2.3,10.1,58.8,3.1,14.9,0
17.7,22,0,4.9,1.8,10.9,64.8,0.4,14.6,0
11.9,20,0,4.2,1.7,-0.5,45.9,10,14.5,0
14.4,24.3,3.5,4.5,1.8,-0.3,45.3,8.2,14.5,0.2
10.8,14.3,15.5,3.8,2,7.4,80.3,1.2,11.1,0
5.5,11.1,0,4,1.7,-3.6,55.4,3.4,8.5,0
1.9,8.9,1,4.3,1.4,-7.4,56.1,4.8,5.6,0
2.5,7.4,0,5.1,2.4,-8.5,46.9,9.5,6.6,0
2.4,4.4,9,3.4,1.6,-2.1,74,0,3.5,0
3.1,9.1,0,3.6,1.7,-8.1,49.4,10.3,6.5,0
4.8,11.4,0,3.3,1.4,-8.6,41.6,9.6,8.6,0
5.5,12.5,0,4,1.3,-4.5,50.8,9.1,9.1,0
6.7,11.7,2.5,4.5,2,-0.3,62.1,1.4,8.5,0
5.5,10.5,4.5,4.2,1.6,-1.6,64.3,3.3,9.2,0
4.9,10.3,0,3.5,1.2,-2.8,60,6.1,8.7,0
7.4,15.3,0,3.9,1.6,-3.8,49.6,10.1,10.5,0
8.5,15.3,0,4.2,1.4,-4.2,43.3,3.6,10.7,0
8.5,13.2,0,4.5,1.7,0.1,56.9,2.5,10.3,0
9.4,16.8,0,3.6,1.4,-0.2,55.9,9.9,12.1,0
11,19.3,0,4.5,1.5,-2.6,44.1,10.3,13,0
13.4,22.5,0,3.4,1.2,-2.3,38.6,10.3,14.7,0
15.4,25.2,0,3.2,1,-1.4,37.4,10.4,16.2,0
16.7,26.5,0,3.5,1.1,-0.6,37,10.3,17.2,0
16.8,26.4,0,4.4,1.2,-0.1,37.8,10.3,17.4,0.2
17.4,27.1,0,3.7,1,-1.2,34,9.5,18.2,0
16.4,23.6,0,4.1,1.4,-0.2,35,7.2,17.2,0
15.7,22,0,3.5,1.3,3.7,46.1,2.7,16.2,0
13.6,20.5,3,4.3,1.5,3.1,52.1,4.2,16.2,0
9,14,5,4.1,1.1,5.4,79.1,1,10.9,0
11.3,17,0,4.2,1.5,3.9,62.9,5.3,14.7,0
12.6,20,0,4,1.4,0.4,50.4,10.8,16.2,0
15,24.2,0,3.5,1.1,-1.5,39,10.7,17.4,0
19,29.9,0,4,1.1,1.2,36.4,8.2,18.6,0
15.5,18,16,4.9,2.1,9.7,69.9,0,14.6,0
10,15.6,3.5,5,3.4,5.9,76.1,0,11.4,0
10.6,15.2,0,4.9,2.8,2.4,58.4,5.1,12.1,0
12.2,19.5,0,4.2,1.2,3.2,58,7.8,15.1,0
12.9,18,6,4.5,2.5,6.3,66.9,0.1,13.8,0
8.9,11.4,3.5,4.6,1.8,6.7,86.5,0.2,11.6,0
8.8,13.7,0.5,3.7,1.1,2.8,68.8,2.3,12.1,0
9.2,17.6,0,5.3,1.2,3.8,72.5,4.5,14,0
10.9,21,0.5,5.5,1.2,3.8,67.9,7.2,14.6,0
14.1,23.8,0,3.2,1,0.9,49,11.2,17,0
14.9,22.5,0,3.8,1,0.3,42.5,8.1,16.2,0
1.1,6.4,0,2.7,0.9,-3.1,75.4,1,1.6,0
-3.6,0.2,0,4.5,2,-19.1,33.4,8.5,-0.3,0
-7.1,-2.3,0,4,1.8,-20.5,34.8,8.7,-3.2,0
-4.4,0.8,0,4.6,1.5,-13.5,51.5,8,-2,0
-3.6,1.1,0,3.9,1.6,-19.1,30.9,8.8,-1.5,0
-4.9,2.8,0,2.1,0.8,-16.3,45.3,8.9,-1.7,0
-0.8,7.5,0,3.3,0.7,-14.9,40.1,6.5,-0.9,0.06
3,5.9,0.5,1.5,0.5,-4.4,61.4,0,1.5,0
3.7,4.9,16.5,1.8,0.6,2.7,93.1,0,1.4,0
3.5,4.5,12.5,2.5,0.9,2.1,90.9,0,1.5,0
1.9,4.3,6.2,4,1.9,-2.3,73.8,0,0.6,0
0.6,4.1,2.1,2.2,1.2,-3.4,75.6,2.2,1.8,0
-1.5,1.6,3.6,3.6,1.4,-6.4,70.1,4.3,2.1,0
-2.6,1.1,0,2.2,0.8,-7.9,68.4,0,0.3,0
-2.6,2.8,0,2.7,1,-10.1,60.5,4.6,0.5,0
-2.7,2.2,0,3,1.2,-11.5,53,7.6,1.8,0
-3.1,0.9,0,3.4,0.9,-12.2,53,2.8,-0.1,0
-2.2,1.5,2,4.6,1.9,-10.6,58,5.6,1.6,0
-2.1,4.2,0.1,3.7,1.3,-9.6,58.1,6.5,1,0
1.6,8.6,0,2.6,0.8,-6.9,55.3,8.6,3.1,0
3,10.6,0,4.5,1,-4.6,62.1,8.7,2.8,0
2.8,10.1,0,1.7,0.5,-0.6,78.9,2.1,2.4,0
5.1,16.6,0,2.8,0.7,-4.3,59.6,7.9,4.9,0
10,20,0,3.9,0.8,-1.3,50.5,7.5,6.6,0
14.4,16.8,18,4.8,1.5,11.4,83.6,0,8.6,0
11.2,16,0.5,4.4,1.4,7,76.8,2.9,9.7,0
7,12.8,0.1,4.4,1.8,1.2,68.5,5.5,7.2,0
6.4,10.7,0,2.8,0.9,1.6,73.5,0.6,6.5,0
3.5,6.1,12,4.3,2.2,0.4,80.4,0,3.8,0
3.1,5.9,0,3,1.2,-0.2,79.1,0,3.9,0
4.2,11.4,0,4.2,1.4,-3.1,63.4,6,6.4,0
5.5,7.6,1,3.9,1.5,1,73.5,0,5.2,0
6.2,9,2.5,3.1,0.9,3.3,82.1,0,6.6,0
6.1,10.2,0,3.3,1.3,0.2,67.6,0.6,6.4,0
4.5,8.2,0,4.1,1.4,-4.9,51.5,1.6,6.4,0
2.5,6.9,0,3.9,1.4,-6,55.1,1.4,4.6,0
2.4,6.8,1.2,2.6,1.2,-2,74.5,2.4,5.4,0
-0.9,1.8,7.1,3.3,1.2,-4.1,78.6,0.7,2.4,0
2.1,6.3,0,3.9,1.5,-4.9,60.8,6.7,6.6,0
7.6,13,0,5.5,2.5,-0.2,58.5,3.8,5.9,0
3.7,10.7,0,3.5,1.3,-11.6,35.9,9.9,7.7,0
7.8,15.6,0.5,5.7,2.3,-3.1,49.9,4.2,5.4,0
10.2,13.2,12,5.1,2.3,6.3,77.5,0,8.6,0
1.9,6,0,6.3,3.2,-11.5,38,9,4.7,0
0.3,4.8,2.9,3.4,1.3,-8,58.6,3.9,2.5,0
1.2,6,1.8,3.6,1.7,-5.7,63.1,7,6.4,0
3.9,11.7,0,3,1.1,-5.9,53.9,7.7,6.1,0
8.7,18.8,2.5,6.6,2.5,2.2,64.4,1,7.8,0
3.4,8.4,0.1,5.7,3.1,-9.3,41.6,9.1,5.8,0
1.4,5.5,13.6,2,0.7,-2,79.6,0,1.5,0
5.3,11.1,0,2.6,0.8,0.9,75.8,4.3,8,0
7.8,14.2,0,3,1,-1.5,56.4,8.4,9.8,0
3.9,7.2,3,3.7,1.6,-1.1,71.8,0,6,0
2.4,6.8,0,5.3,2.4,-10.6,40.3,7.5,5.2,0
5.4,6.7,2.5,3.3,1.5,1.2,75,0,4.9,0
6.3,11.2,0,3.9,1.9,-6.1,46.8,9.5,10.1,0
6,13.6,0,3.1,1.3,-6.2,46.6,10.4,9.5,0
8.1,14.8,0,3.4,1.1,-2.6,49.4,5.4,11,0
8,9.3,15.5,3.8,1.1,5.2,83.4,0,8.3,0
8.2,10.5,9,3.7,1.1,5.9,86.1,0,8.9,0
6.2,12.1,0,6.5,2.4,-5.8,48.8,10.2,9.5,0
5.6,12,0,3.8,1.7,-11.5,30.8,10.6,9.8,0
8.1,17.6,0,4.7,1.2,-7,39.3,9.1,10.3,0
11.2,19.1,0,3.6,1.1,-0.8,47.8,8.5,13.2,0
9.9,13.7,0,4.2,2.2,1.1,56.8,2.6,12,0
7.3,14,0,3.3,1.2,-5,45.9,10,13.3,0
9.8,18.7,0,4,1.3,-4.3,42.5,10.4,13.8,0
11.7,19.3,0,4.1,1.2,-2.1,42.4,10.3,15,0
10.5,14.5,0,2.9,1,2.9,61.1,0,10,0
14.2,20,0,4.4,1.9,0.2,44.6,5.1,14.4,0
14,18.2,3.5,3.6,1.6,2.5,48.4,1,15.6,0
5.9,11.2,3,6.8,3.8,-4.7,50.6,5,11.6,0
4.5,8.6,0,4,2.3,-12,29.6,5.1,6.4,0
7,13.7,0,3.5,1.2,-10.9,31.3,10,12.4,0
8.2,15.4,0,4.2,1.4,-7.3,36.5,10,12.6,0
8,15.3,0,4.5,1.4,-4.1,44.8,9.3,13,0
12,18.5,0,3.7,1.3,-1.8,43,0,12,0
16.7,21.6,0,4.2,1.9,3.9,44.5,0.1,15.1,0
17.7,25.3,0,3.4,1.2,8.2,57,6.2,20.6,0
14.6,20,8.5,4.5,1.9,5.3,58.3,1.5,16,0
10.5,12.9,3,3.7,1.7,3.7,64,0,12.1,0
8.5,13.5,4,4.2,1.5,3.9,74.5,2.2,12.3,0
9.9,17.3,0,3.5,1.3,-0.3,57.3,7.3,13.1,0
12.9,21.2,0,3.5,1,-2.7,39.3,10.2,15.7,0
13,20.5,10,4.8,1.7,2.8,56.4,0,13.3,0
9.2,13.5,11.5,6.5,2.8,3.8,70.8,2.1,11,0
5.5,9.2,4.5,5.4,2.2,0.6,71.9,0.1,6.6,0
9.4,14.8,1.5,5.9,3.3,-0.5,53.5,6.2,10.7,0
10.4,15.7,0,5,2.3,0.5,52.3,2,11.6,0
-1.7,4.7,0,2.4,0.7,-7.9,63.9,7,-1.3,0
-0.5,6.7,0,3.2,0.6,-8.4,57.8,8.4,-1.4,0
-0.4,6.2,0,3.6,0.7,-6.6,63.5,5.7,-1,0
0.1,4.1,0,3.5,0.7,-5.1,68.6,1.8,-0.6,0
0.5,6.4,0,2.3,0.7,-5.5,65.6,6,0.2,0
-0.7,3.7,0,2.2,0.7,-5,73.3,1.5,-0.6,0
-1.7,2.1,0,1.5,0.6,-4.3,82.6,0,-0.8,0
2,9.1,0,3.1,0.8,-7.1,55.6,6.4,0.9,0
-0.1,4.5,0,4.1,1.7,-9.4,51.3,7.6,0,0
-1.9,3.8,0,2.9,0.7,-10.9,51.4,0.9,-0.5,0
-1,4.5,0,4.1,1.5,-11.1,47.6,8.6,0.2,0
-4.2,0.5,0,4.1,2.1,-15.4,42,8.4,-1.5,0.3
-5,1,0,3.5,1,-14.8,48.6,7.5,-2.5,0
-3.5,-1.4,0.1,1.8,0.7,-8.8,67.4,0,-1.4,0
-1.7,4.4,0,3,1.2,-7.9,65.3,5.8,0.3,0
-0.5,6.2,0,1.6,0.6,-10.8,50.1,6.9,-0.4,0
0.4,3,1.1,2.5,0.7,-3,78.3,0,0.5,0
0.1,7.8,0.2,3.1,0.8,-7.1,63.8,6.4,1.2,0
0.8,8.6,0,3.2,0.8,-10.1,49.3,8.5,1.2,0
3.5,13.2,0,3.5,1.2,-7.5,47.8,9.9,2.2,0
4.1,12.7,0,3,0.8,-6.8,48.8,9.9,3.1,0
4.4,14.3,0,3.8,0.9,-6.9,48.1,10,3.1,0
4.8,14.1,0,3.3,0.8,-5.9,50,9.8,3.5,0
5.9,13.2,0,4.8,1.4,-2.8,55.6,8.5,4.1,0
4.7,10.4,0,4.1,1.9,-8.5,45,8.6,4.2,0
5.3,14,0,4.3,1.3,-8,39.4,9.2,3.4,0.03
4.2,6.9,41,5.2,2,1.3,83,0,3.1,0
4.3,7.7,0,5.3,2.1,-0.8,70.3,0.2,3.8,0
1.9,3.5,4.5,3.9,1.8,-1,81.9,0.2,2.5,0
-1.1,3,0,6.1,2.6,-13.3,41.9,9.3,1.7,0
-1.6,3.7,0,4.6,1.9,-13.5,42.5,10.4,1.2,0
0.1,6.4,0,3.7,1.7,-10.6,46.8,10.5,2,0
1,7.1,0,3.3,1.1,-6.2,61.3,6.8,2.7,0
3.5,9.2,0,3.9,1.4,-4.1,59,4.9,4,0
2.6,7.6,0,5.7,2.9,-7.4,51.6,8.1,3.9,0
1.6,8,0,7.3,2.5,-9.8,44.8,7.8,2.5,0
0.7,6.7,0,6.6,3,-12.1,40.8,9,2.9,0
1.4,6.8,0,5.5,2.3,-7.7,52.9,7.2,2.3,0
3.6,11.1,0,6.2,1.7,-9.3,46.4,10.3,4,0
5.7,14.9,0,5,1.4,-9.2,36.9,9.8,4.5,0
8.9,17,0,3.2,1.1,-1.9,48.6,6.6,7.5,0
9.3,12.8,0,4.4,1.8,4.7,73.5,0,7.5,0
2.9,8.7,0,6.9,3.6,-9.1,44.5,6.6,5.6,0
0.2,5.2,0,6.6,3.1,-16.8,29.9,10.6,3.2,0
1.6,8.4,0,4.4,2.1,-12.7,37,11,3.9,0
4.6,13.3,0,4.3,1.3,-10.8,36.3,9,4.8,0
10.6,15.7,0,4.2,2.1,-4.4,39.5,7.1,10.5,0
4.6,8.7,17.5,2.8,1.1,1,79.6,0.1,5.9,0
8.1,14.8,0,5.1,1.9,-2.3,54.5,6,9,0
3.6,9,0,6,2.8,-12.7,30.5,10.1,5.5,0
2.3,8.6,0,5.2,2.3,-13.9,30.9,11.1,4.7,0
3.7,9.2,14.8,5.9,2,-5.4,57.5,3.8,4.6,0
2.2,6.1,1.2,4.7,2.1,-6.3,56.5,8.4,4.7,0
3.1,9.3,0,4.9,2,-8,48,10.9,5.1,0
4.9,10.6,0,5.2,1.8,-6.8,47.4,7,5.6,0
5.6,11,0.5,4.7,1.9,-1.5,61.6,4.4,7.4,0
3.8,8.5,0,3.7,1.5,-2.4,66.5,2.6,5.1,0
7,15.6,0,4.9,1.7,-3.4,52.8,10.9,7.9,0
9.7,18.7,0,4.4,1.4,-3.8,45.5,10.3,10.8,0
10.3,18.4,0,4.8,1.8,-7.9,34.1,10.5,11.6,0
8.7,14.2,0,3.6,1.2,-3.8,42,0,9.6,0
9.7,16.4,0,3.4,1.3,-4,42.9,11.3,13.1,0
10.5,17.7,0,3.5,1.4,-3.3,41.5,10.6,13.7,0
10.7,19.5,0,4.3,1.4,-6.2,35.8,11.5,13.8,0
11.3,19.8,0,4.5,1.7,-6.5,33.1,7.5,13.2,0
9.7,11.5,27,3.3,1,8.2,90.6,0,10.6,0
12.4,18.7,0.5,4.7,1.8,2.8,57.5,7.8,14.8,0
11,18.4,0,5.1,1.8,-3.3,41.3,10.1,13.2,0
10.7,17.8,1,6,1.7,0.6,54.6,0.6,10,0
11,16,0,5.7,2.4,-4.3,43.3,10.4,14.9,0
10,18.9,0,5.6,1.9,-8.2,32,12.1,13.7,0
11.4,20.3,0,4.8,1.7,-4.9,35,11.4,15,0
13.1,21.5,0,4,1.5,-3.9,36.5,11,17.3,0
15.4,23.7,0.1,6.3,2.4,7.2,60,5.6,17.4,0
13.1,20.3,0,3.7,1.7,-2.1,42.5,11.1,19.2,0
13.8,21.9,0,4.9,2.4,-1.4,40.3,11.8,19.9,0
7.5,11.2,1,4.5,2.1,2.1,69.6,0.1,9.2,0
9.4,15.6,0,4.8,1.6,-1.8,50,9.3,15,0
11.5,19,0,4.9,1.9,-1.1,45.8,11,17.2,0
13.3,19.9,0,4.4,1.3,-2.3,38,5.3,17,0
9.5,13.4,26,3.5,1.6,6.6,84.1,0,10.7,0
9.6,15.2,0,6.8,3.1,0.6,56.5,5.6,11.9,0
9.9,16.3,0,6.8,3.1,-0.4,51.9,7.6,14.7,0
12.5,18.9,0,6.6,3.3,0.7,47.9,5.1,15.9,0
9.6,11.4,10.5,3.3,1.2,7.9,89.8,0,10.2,0
11.2,14,3,4.1,1.5,8.3,82.9,0.2,12.4,0
9.1,14.9,0.5,5.2,1.8,2.5,65.8,1.3,11,0
12.6,19.6,0.5,4.5,1.8,0.7,48.6,3,12.4,0
14.8,19.4,93,6.2,2.2,13,89.5,0,13.9,0
-11,-4.9,0,4.5,2.3,-19.8,50,9.3,-1.7,0
-14.4,-8.9,0,3,1.2,-22.4,52.4,9.4,-3.7,0
-11.5,-4.9,0,4,1.2,-19.7,54.3,9.2,-4.1,0
-4.2,2,0.1,4.2,1.3,-13.4,52.4,8.1,-2.7,0
-2.3,4.7,0,2.2,0.9,-14.4,43.5,7.9,-2.1,0
-0.6,6.4,0,3.4,0.9,-9.8,52,2.1,-1.1,0
-6.2,1.9,0,6,3.4,-18.4,39.6,9.4,-2.5,0
-8.6,-3.4,0,5.8,2,-19.5,42.5,9.2,-6.1,0
-4.9,0,0,4.7,1.6,-13.3,55,8.2,-3.6,0
-3.9,2.1,0,5.1,1.6,-12,55.6,6,-2.6,0
-4.5,1.5,0,4.1,1.6,-17.5,39.1,9.6,-3.2,0
-1.3,4.9,0,2.5,0.9,-12.5,47.1,8.9,-0.5,0
1.4,7.5,0,2.7,0.8,-8.9,47.8,3.4,1.5,0
2.2,9.6,0,3.1,1.1,-8,51.1,7.3,1.9,0
0.8,6.1,0,4.1,1.6,-12.8,41.3,6.2,1.3,0
-2,3.8,0,6.8,2.5,-17.8,30.8,9.1,-0.7,0.1
-5.6,-1.9,0,6.6,2.6,-20.5,30.9,8.5,-3,0
-7.1,-1.1,0,4.3,2,-19.4,39.9,9.9,-3.8,0
-5.5,1.2,0,3.7,1.4,-18.1,41.1,9.9,-2.8,0
-2.9,5.2,0,3.7,1.2,-13.5,45.9,9.2,-1.6,0
0.2,6.9,0,2.2,0.7,-9.5,51,3.2,-0.6,0
2.9,12.4,0,4.1,1.3,-6.3,53.4,8.6,2.2,0
5.1,11.4,0,4.6,1.7,-4,54,5.7,4.4,0
4,9.8,0,4.4,1.8,-4.5,58,4.8,2.4,0
1.4,5.1,2,3.7,1.6,-3.2,72.5,0.1,1.9,0
-1,3.8,0,3.2,1.5,-11.1,47.1,4.2,1.3,0
-1.9,5.3,0,2.6,1.1,-14.4,43.8,10.4,1.1,0
0.4,7.6,0,2.5,1,-10.5,45.8,2.1,0.7,0
3.9,12.4,0,3,1,-9.1,42.8,9.4,3,0
7.8,15.3,0,3.5,1.1,-10.4,29.6,8.3,4.4,0
5.8,7.7,0.5,3.8,1.7,-1.8,58.8,0.2,2.8,0
5.5,11,0,3.6,1.8,-3.2,54.1,3.4,5.1,0
5.2,9.4,0,4.4,2.1,-4,52,1.4,2.9,0
4.7,7.1,3,3.8,1.7,0.1,73.1,0,3.9,0
3.3,5,6.5,6.3,2.6,-0.1,79.4,0,3.1,0
3.7,9,0,3.3,1.8,-3.9,60,5.5,4.9,0
1.8,7.5,0,3.6,1.3,-7.5,55.9,2.9,2.1,0
3.1,9.7,0,3.1,1.2,-5.9,53.4,3.6,4.2,0
4.3,9.5,0,4.1,1.9,-5.4,50.5,3.4,5.5,0
-1,2.5,0,6.8,4,-14.8,36.6,9.9,2.6,0
-1.6,4.5,0,5.5,2.5,-15.4,37.3,10.9,2.3,0
1,6.8,0,4.4,1.6,-10.2,46.6,10.3,3,0
3.2,7.5,0,4.9,1.9,-3.4,62.4,1.3,1.9,0
5,12,0,2.9,1.3,-6.8,48.5,8.4,5.9,0
6.8,12.5,4.5,4.7,2,-2.6,55.1,0.1,6.6,0
9.4,13.8,6,3.1,1,6.5,83,1.8,9.2,0
8.2,14.8,0,6.1,2.1,2.6,69.4,3.3,9.6,0
3.3,8.7,0,4.1,1.9,-8.3,46.9,8.6,5.3,0
2.4,9.4,0,5.3,2.1,-10.5,41.6,10.9,4.5,0
3.8,11.6,0,4.2,1.7,-11,37.5,10.9,4.8,0
8.2,12.3,0.1,2.4,1.1,-6.3,36,1.6,7.7,0
4.6,9.3,19.3,3.6,1.6,2.4,86.5,0,5.9,0
2.7,7.6,3,7.3,3.4,-5,61.5,3.5,4.4,0
3,7.7,0,6.7,3.4,-10.1,39.6,5.6,4,0
3.2,10,0,5,2.2,-10.9,38.5,11.4,4.7,0
6.2,13.9,0,5.3,1.9,-6.8,44.5,7.7,5.8,0
9.5,16,0,3.3,1.1,-1.6,49.9,7.2,9.9,0
11,18.6,0,4.3,1.7,-1.8,45.5,6.6,8.8,0
11,14.8,8,4.5,2.3,6.7,76,0,10.3,0
6.1,10.5,0,6.7,3.4,-9.3,33.4,7.6,6.7,0
4.6,10.7,0,4.5,2.1,-12.8,29.1,10.9,6.2,0
8.2,16.7,21.5,5.9,1.7,-1.6,57.5,2,7.5,0
4.7,9.2,48.5,6,2.7,-0.8,70.9,0.1,5.4,0
7.3,15.1,0,7.5,3.1,-1,57.1,9.2,7.7,0
6.4,12.4,0,8.4,3.2,-7.1,41.5,7.5,6.5,0
5,10.5,0,9.1,3.3,-10,37.4,8.7,6.5,0
6,13.6,0,4.7,2.1,-10.2,33.8,11.8,7.7,0
11.5,20.8,0,6.2,2.3,-2.7,39.9,10.7,10.9,0
16.3,23.1,0,3.8,1.5,2.5,44.5,7.8,16.5,0
13.1,19.4,2.5,4.4,1.4,5.7,62.4,0,11.5,0
12.3,16.4,2,4.5,2,9.5,83.8,0.5,13.7,0
9.3,15.2,0,5.2,2,-2.4,48,6.7,10,0
10.6,17.2,0,3.9,1.4,-1.8,43.6,0.8,11.7,0
12.2,20.6,0,3.8,1.4,2.5,54.9,11,13.5,0
15.3,23.8,0,3.9,1.4,1,43.5,9.9,15.4,0
13.3,20.8,0,5,2,2.1,48,11.1,14.7,0
13.5,20.7,0,4.2,1.4,0.9,46.9,11.4,14.6,0
14.5,22,0,2.7,1.2,0.5,42.1,7.6,13.6,0
16.9,24.1,0,5.2,2,0.1,37.8,7,17.3,0
17.7,23.4,0,5.8,2.4,2.5,37.4,5.3,17.6,0
12.9,14.7,26.5,5.6,2.5,6.5,67.5,0,11.6,0
11.5,16.5,1.5,5.2,2.8,8.5,82.1,0,11.8,0
12.7,16.6,0.1,2.4,1.1,9.4,80.8,0,12.4,0
18.3,28.6,0,2.5,0.9,8.5,60.3,7.9,17.4,0
15.3,22.6,21.5,5.9,2.2,8.8,68.3,0,13.5,0
12.1,17.7,1,7.2,3.6,0.8,52.1,9.4,14.4,0
14.8,24.3,0,5,2.1,-2.9,37.5,12.2,14.3,0
17.6,25.6,0,4.1,1.5,3.7,42.4,10.7,16.7,0
18.2,25.7,0,3.1,1.1,6.1,49.1,6,17.3,0
20.9,28.1,0,6,2.8,6,41.6,12.5,19.8,0
8.7,10.5,27.5,6.5,2.6,5.5,81.1,0.1,2.3,0
0.7,6.7,0,4.3,2.5,-6.6,60.6,6,1.1,0
-2.7,-0.3,2.2,3.9,1.1,-8.1,67.9,0,-0.4,0
0,3.9,5.3,4.1,1.2,-3.5,77.9,4.5,-0.1,0
-1.3,3.3,1.5,2.7,0.8,-3.9,82.5,0,-0.4,0
-0.6,0.8,2.8,3.5,1.6,-3.5,80.6,0.5,-0.1,0
-9,-2.4,0.1,5.4,3.6,-20.3,41,9.6,-0.5,0
-11.7,-5.6,0,3.7,1.3,-21.1,46.8,9.6,-2.8,0
-9.4,-3,0,2.8,1.1,-17,56.4,9.7,-3.8,0
-4.5,1,0.1,4.7,1.8,-12.3,56.9,7.5,-2,0
-6.1,-0.1,0,2.6,1,-16.5,46.9,9.8,-2.9,0
-3.9,0.3,0,5.2,1.3,-12.4,53.6,0.5,-1.9,0
-3.5,2.6,0,3.5,1,-10.5,60.9,9.3,-2.2,0
-0.6,6.6,0,2.8,1,-9.6,54,8.9,-1,0
-0.7,4,0,5.7,2,-12.6,44.8,9.5,-0.5,0
-3.9,2.3,0,2.5,1.1,-15.1,44.4,10,-1.3,0
1.8,7.4,0,4,1.1,-9.7,43.4,6.1,0,0
2.8,7.5,0,4,1.7,-7.5,47.8,4.1,0.9,0
-1.4,3.6,0,4.6,2.2,-16.4,33.3,8.5,0.8,0
-3.9,1.7,0,4.2,2,-20.3,28.1,9.9,-0.2,0
-2.1,3.1,0,5.5,1.8,-14.6,40.3,9.9,0,0
-0.7,5.9,2.3,5.5,2,-10.8,51.5,5.7,0.2,0
-1.2,3.4,0,5.8,2.2,-12.6,44.1,9.1,0,0
0.3,6.5,0,4.4,1.4,-10.7,49.3,9.3,0.7,0
1.3,7.9,0,2.3,0.8,-9.9,46,5.4,1,0
3.3,8.3,0,2.1,0.7,-6.4,50.9,0.5,0.7,0
4.7,12.5,0,4.5,1.3,-3.6,59.3,7.8,2.2,0
5.6,15.1,0,2.6,0.8,-6,50.3,7.5,2.2,0
2.6,8.2,7,6.1,2.8,-5.6,58,7.9,3.2,0
-0.7,4.8,0,4.4,1.6,-11.5,45.6,9.4,1.1,0
0.2,5.6,0,4.1,1.6,-10.2,48.6,9.6,1.9,0
1.2,7.2,0,3.8,1.1,-6.5,57.4,4.7,1.3,0
2.6,10.5,0,4.6,1.4,-6.9,54.5,9.4,2.5,0
5.3,15,0,2.3,0.8,-5.5,50.3,6.9,2.6,0
6.9,12.1,1,4.1,1.3,3.4,79.8,0,1.5,0
7.6,16.6,0,4.8,1.6,3.3,77.8,6.4,5,0
13.3,24.5,0,7.1,2.5,3.3,58.5,9.2,6.8,0
4.4,12.1,0,5.1,3,-7.8,44,11,6.6,0
3.5,13.3,0,3.8,1.2,-6.5,52,11,4.4,0
6.7,14.3,0.5,2.6,1,-0.5,62,6.2,4.2,0
7.3,12.4,21,4.6,1.9,3.3,77.5,2.4,8.2,0
5.2,10.1,0,3.9,2,-2.8,57.1,9.1,7.4,0
4.9,12,0,3.5,1.4,-3.6,58.5,10.1,6.4,0
6.1,14,0,3.6,1.1,-4.2,52.5,10.2,6.9,0
8.2,18.4,6,4.5,1.7,-0.8,60,8,7.5,0
9.2,15.6,9,5.8,2,5.3,79.1,6.6,10.8,0
9.6,14.1,0,3.6,1.3,2.4,63.1,5.8,9.4,0
4.6,10.5,3,6.1,2.4,-1.9,65.4,3.3,6.3,0
1.4,8,0,4,1.5,-9.5,47.9,11,4.7,0
2.7,7.3,0,3.6,1.3,-2.5,69.3,3.4,3.9,0
6,14.2,0,3.8,1.3,-2.1,61.5,8.3,7.8,0.1
6,12.1,0,4.6,2.2,-4.2,49.5,11.1,7.7,0
3.6,9,0,4.4,2.3,-6.3,52,10,7.2,0
3.9,11.1,0,4.1,1.3,-6.3,50.8,11.4,6.2,0
8.7,17.3,0,4.6,1.7,-4.9,41.8,11.3,9.2,0
8.1,14.3,0.1,4.6,1.8,-2.2,49.4,3.5,8.3,0
6.5,13,0,4.5,2,-6.5,43.3,11.6,9.2,0
4.6,11.3,0.5,4.4,1.5,-3.2,61,4.1,6.7,0
6.1,12.8,1,3,1.3,-1.7,62.8,8.8,10.1,0
9,17.1,0,3.1,1,-2.3,49.9,5.3,9.3,0
6.9,9,6.5,2.7,1.2,4.4,85.8,0,7.5,0
9.3,15.2,0,3.8,1.8,1.5,61.3,9.5,12,0
11.6,21.6,0,4.2,1.2,0.5,50.8,10.7,11.8,0
15.3,24.3,0,4.7,1.4,1.5,44.1,7.8,12.7,0
9.1,15.4,25.5,4.4,1.6,6.7,86.3,0,10,0
4.4,10,0.1,5.1,2.5,-0.5,72.3,4.3,7.7,0
8.1,15.7,0.2,5.8,2.2,-1.5,56.5,9.5,9.5,0
6.2,11.2,2,8.1,3.9,-2.4,57.4,9,8.2,0
4.7,9.5,0,5.6,2.7,-3.5,56.4,9.1,7.3,0
5.5,9.8,0.2,6.5,3.5,-3.2,55.6,5.4,5.6,0
5.6,11.4,0,4.7,2.2,-3.7,54.3,9.2,6.8,0
11.4,19.9,0,5.8,2.2,-2,43.9,11.3,9.8,0
10,15.7,3,6.8,3.2,-1.3,50.1,8,10.9,0
5.6,10.9,0,2.5,1.1,-4.1,51.3,1.8,6.7,0
15.2,26.8,0,7.4,2.3,6.1,58,8.2,12.2,0
12,15.2,0.5,5.6,2.6,8.2,78.3,0.5,11.9,0
12.1,18,0,5.4,2.5,2.4,55.3,6.4,13.1,0
9.9,16.4,0,5.5,2.1,-4.5,40.1,11,12.1,0
5.5,9,10,5.3,1.6,2.8,84.5,0.2,8.3,0
8.9,15.4,0,4.7,2,0.4,61.1,8.7,11.8,0
11.3,18.6,0,3.8,1.4,0.4,51.5,10.9,12.5,0
10.9,14,6,4,1.5,6.2,75.1,0,11.4,0
14,20.5,3,5,2.2,7.6,69,10.1,15.3,0
9.3,13.7,12.5,4.3,1.7,6.4,83.3,2.4,12.2,0
9.6,15.9,2,5.8,2,5,75.4,5.3,10.9,0
11.1,19.3,0,5.7,1.7,4.3,68.5,9.2,13.7,0
14.5,23.1,0,4.3,1.2,6.3,62,5.9,13.9,0
14.6,18.1,10.5,6.6,3.2,7.7,66.5,5.3,13.9,0
13.3,21,0,5.8,2.3,1.5,50.6,12.2,13.5,0
2.5,4.5,24.5,1.9,0.7,0.1,84.6,0.1,0.2,0
5.5,8,1,2.2,0.7,5.4,100,0,1.7,0
-0.7,5.1,0,5.2,2.3,-8.6,58.6,5.2,0.7,0
-6.8,-2.3,0,4.3,2.1,-18.8,38.8,9.5,-2.6,0
-6.1,-0.3,0,2.2,1,-14.9,52.5,6.2,-2.7,0
-2.6,4.3,0,2.1,0.8,-11.3,54.8,6.4,-1.5,0
1.6,7,0,6.1,1.9,-5,63.8,5.3,0,0
1.9,5.7,3.1,3.1,1.7,-2.1,76.5,1,1.2,0
-0.6,1.9,3.6,2.7,1.1,-1.8,91.8,0.2,0,0
-0.4,4.3,0,3.1,1.6,-6.1,66.3,6.3,0,0
-1.2,5,0,3.2,1.4,-8.7,59.8,9.8,0.3,0
-0.3,5.7,0,3.8,1.2,-6.2,65.9,5.8,0.6,0
1,6.5,0,3.7,1.2,-5,65.9,7.5,1.1,0
1.7,7.6,0,3.2,1.5,-5.1,62.1,7.1,2.2,0
1.3,8.6,0,3.1,0.9,-5.4,64.9,9.9,1.7,0
1.8,9,0,3,0.9,-5.2,63.5,7.6,1.9,0
3.6,10.1,0,3.8,1.4,-3.8,60.4,3.8,2.7,0
2.1,5.5,0,3.5,1.8,-6.4,54.3,6.6,2.8,0
0.6,6.2,0,2.7,1.2,-6.9,59.3,7.2,1.5,0
0.1,4.1,0,3.9,1.4,-5,69.3,6.5,1.6,0
0.3,6.4,0,3.1,1,-6.2,64.6,8.3,2.6,0
0.5,7.7,0,2.9,0.9,-6.5,62.5,9.7,2.2,0
1.7,9.1,0,2.7,0.8,-5.9,60.8,8.2,2.5,0
2.8,10.3,0,3.5,0.9,-3.5,65.5,7,2.9,0
4.2,12.7,0,2.4,0.8,-1.6,69.3,8.1,3.8,0
5.6,15.1,0,2.5,0.8,-1.7,64.3,5.3,3.8,0
6.9,15.1,0,4.2,1.6,-0.5,61.9,6.8,4.5,0
8,14.2,0,4.4,1.8,0.3,61.1,6,7.4,0
7.8,11.7,0,4,1.5,1.2,63.8,1.4,6.9,0
4.6,10.9,0,4.8,1.6,-5,56,8.7,6.2,0
4,11.7,0,4,1,-7.8,46.6,10.1,4.4,0.16
5,12,0,4.1,1.5,-5.6,49.5,6.9,3.3,0
2.5,7.9,0,5.6,2.6,-8.5,48.9,7,5.6,0
0.2,5.3,0,5.1,2.2,-10,48.5,9.3,2.8,0
-0.2,5.6,0,6.7,2.5,-14.6,34.9,10.6,2.5,0
1.3,6.7,0,4.2,1.6,-8.3,51.3,8.4,3,0
1.2,6.3,2.7,6.2,2.2,-7.9,58.9,7.1,3.3,0
1.2,8.4,0,4.6,1.8,-9.5,47.5,11,3.3,0
3.2,12.4,0,4.4,1.2,-6.7,51.5,8,2.6,0.06
3.8,8.1,8,3.1,0.9,-0.4,76.5,1.5,2.3,0
4.1,6.7,0,5.8,3.2,-2.7,62.3,1.1,3.7,0
2.5,8.9,0,4.7,1.8,-5.2,59.8,10.5,3.6,0
6,14.2,0,6.3,1.9,-2,60.8,8.7,4.7,0
10.2,18.5,0,3.8,1.2,2.4,61.6,8.4,8.8,0
12.8,20.4,0.1,5.5,2,6,67.1,9.6,11.3,0
13,17.2,0,5,2.4,6.1,65.3,8,13.7,0
8.1,11.4,1.5,4.8,1.9,2.5,70.3,0,7.7,0
5,9.3,3,5.3,1.5,2.9,87.6,1.8,6.9,0
3.2,8.8,0,2.5,1.2,-1.2,76,4.7,6.6,0
6.7,14.9,0,3.6,1.3,-0.7,63.1,10.8,6.8,0
9.4,17.5,0,4.3,1.6,0.8,59,10.1,9.1,0
10.3,17.8,0,5.1,1.8,0.9,57.1,10.2,10,0
15.1,19.8,0,3.6,1.2,8,63.5,6.2,13.7,0
15.6,22.5,0,3.8,1.4,7.1,60.4,5.2,14.8,0
14.3,22.5,0,3.6,1.2,5.1,58.8,10.1,14.2,0
15.9,24.5,0,5,1.1,6.5,58,7.5,15.2,0
13.2,16.2,0,5.3,1.2,9.2,77.4,0,11.8,0
12.8,18.8,2.5,4.3,1.9,5.9,66.3,8.2,15.3,0
13.1,20.9,0,3.6,1.2,3.6,56.9,7.3,12.7,0
14.3,23.5,0,3.1,1.2,1,45.5,10.9,14.8,0
15.3,23.5,0,4.2,1.4,0.3,40.3,9.8,15.1,0
9.5,16.5,21,5.2,1.6,2.5,65.8,0.9,10.3,0
6.4,11,0.2,4.3,1.9,-1.9,58.9,6.8,9.3,0
5.6,11.5,0.2,5.8,1.8,-0.8,66.1,7.5,7.9,0
6.7,14.1,0,4.9,2.1,-3.7,54.1,10.6,11,0
10.2,19.5,0,4.9,1.8,0.7,54.4,10.5,12.6,0
11.9,21.2,0,3.3,1.1,-0.6,46.9,11.6,14.3,0
13.3,22.2,0,4.4,1.5,2.9,53.4,11.2,15.5,0
12.9,17.6,0,5.2,1.5,5.4,64,1.2,11.7,0
14.3,21.1,0,4.5,1.8,5.2,56.1,8,16.2,0.1
14.5,19,0,3.5,1.2,8.2,67.3,0.5,14.5,0
16.4,23.9,0,3.4,1,5.2,52.5,7.2,17,0
15.5,24.1,0,4.1,1.6,3.2,46.9,11.1,17.7,0
15.6,22.8,0,4.1,1.7,7.6,60.9,8.7,16.2,0
15.1,19.3,0,3.5,1,11.1,78,0.1,15.4,0
14,21.2,4,5.5,1.2,8.7,75.6,3.7,14.7,0
15.3,22,0,3,1.4,8.9,69,7.7,17.4,0
13.2,17.7,0,4.6,2.5,4.6,57.1,1.1,14.9,0
14.8,21.2,0,4.1,2.1,3.2,47.3,11.2,18,0
15.4,22,0,4.1,1.6,3.4,48.6,9.2,17.8,0
14.9,23,0,4.6,1.4,0.8,43,11.2,16.7,0
16,24.8,0,3.5,1.2,1.8,42.9,12,18.7,0
17.3,25.6,0,4.2,1.3,3.7,45,10.3,19.1,0
18,26.7,0,3.6,1.1,3.3,42.5,11.3,20,0
17.8,25.2,0,3.4,1.3,5.3,46.3,5.2,18.5,0
15.2,18,8.5,2.9,1,11.6,80.5,0,16.4,0
13.5,15.2,13.5,3.7,1.7,11.4,88,0,14.1,0
15,19.1,0.1,6.2,3,9,68.3,2,14.9,0
15,19.6,0.1,3.4,0.9,10.6,76.6,1.9,16.1,0
-2.9,3.8,0,2.5,0.8,-10.5,59.4,9.5,-2.6,0
-1.8,6.3,0,2,0.6,-8.8,62,7.8,-1.8,0
-0.5,7.6,0,2.8,0.8,-7.9,60.8,8.4,-1.4,0
0.2,5.9,0,3.5,1,-6.2,64.3,8.8,-0.9,0
0.5,5.5,0,3.7,1.3,-4.8,69.6,7.1,0,0
0.4,6.1,0,3.4,1,-6.1,64.8,9.2,-0.3,0
0.8,5.5,0,3,1.1,-4.2,70.6,2.3,0,0
-7,2.2,0,5.2,3.4,-20.3,35,9.7,-3.6,0
-5.4,-0.1,0.3,5.3,1.8,-13.9,53.8,6.2,-4,0
1.6,7.4,0,5.2,1.8,-3.7,69.5,4.9,0,0
3.7,8.6,0,4.4,1.8,-3.4,62.1,7.5,1.3,0
-0.9,3.6,0,5.8,2.5,-13.5,40.6,10,-0.9,0
-1.3,4.5,0,5.5,2.1,-13.2,41.6,10,-2.1,0
0.1,4.4,0,2.5,0.8,-3.9,75.1,4.7,-0.8,0
7.1,13.6,0,3,1.3,-0.3,63.8,7.3,2.2,0
5.3,8.2,7.5,4.6,1.9,3.5,88.9,2.2,2.2,0
3.2,4.5,0.5,4.4,2.3,-0.2,78.6,1.9,1.6,0
1.6,3.3,0,2.4,1.2,-0.6,85.3,3,1.4,0
2.2,8.1,0,2.4,0.9,-1.7,77.9,5.5,2.7,0
4,10.9,0,3.1,0.9,-2.9,65.3,9.4,2.3,0
5.7,8.7,6.5,5.6,1.7,2.6,81.8,2.8,2.6,0
4.8,7.7,1.5,5,2.2,1.6,81.1,2.4,3.2,0
2.1,6.5,0,3.6,1.9,-5.4,58.4,7.6,2.2,0
2.2,7.9,0,2.9,1,-4.3,65,8,2.2,0
6,13.4,0,5.2,1.5,-4.9,51.1,8.4,3.9,0
2.5,7.7,0.5,6.4,3.2,-6.1,56.5,7.9,3.1,0.2
-0.6,4.2,0,4.7,1.7,-13.2,39.3,9.8,0.9,0
2.4,7.7,0,2.7,0.9,-7,51.4,2,1.2,0
3.1,7.3,0,5.4,2.5,-3.3,63.8,5.3,2.6,0
3.2,9.8,0,4.4,1.2,-6.5,52.1,10.5,2.8,0
3.9,9.5,2.5,5.1,1.9,-2.3,66.4,2.1,3.8,0
-0.8,3.7,0,6.7,3.6,-12.2,42.9,10.6,1.5,0
-0.4,6.2,0,2.6,0.9,-9.6,53.3,8.8,1.2,0
2.8,10.8,0,4,1.2,-8,48.1,10.6,2.8,0
4.3,13.3,0,2.4,0.9,-8.4,45,10.5,3.4,0
7.7,17.1,0,3,0.9,-5.4,42.9,9.5,4.9,0
4.5,10.9,0,7.1,3.1,-8.6,39.1,9.4,4.8,0
-2.6,2,0,7.3,3.9,-17.9,30.4,11,0.2,0
0.8,7.9,0,7.8,3.1,-11.6,39.9,10.2,0.5,0
2.4,8.6,0,6.4,2.1,-13.2,32.4,10.9,1.9,0
5.2,12,3.5,5.2,1.6,-4.8,57.4,8.5,3.6,0
4.3,12,0,3.9,1.3,-7.6,45.9,10,3.7,0
5.9,14,0,3.8,1.2,-6.3,44.8,10.4,4.5,0
8.9,19.4,0,3.8,1,-4.7,42,10.3,6.2,0
10.8,18,0,1.9,0.7,-1.9,43.6,3,7.3,0
8.8,11.2,16,3.7,1.1,5.7,82.4,3,6.7,0
12.8,21.6,0,2.7,1.1,6.3,68.5,10.9,11.2,0
13.3,21.9,0,4.4,1.2,0.6,50.8,8.3,10.9,0
11.8,19.5,0,4.6,1.4,-2.4,40.9,9.6,9.2,0
9,16.8,0,8.2,2.7,-6.2,38,10.8,7.4,0
5.1,11.2,0,6.3,2.6,-10.6,33,11.2,5.2,0
5.6,13.2,0,4.2,1.5,-9.9,36,11.3,5.6,0
6.9,14.6,0,3.6,1.2,-8.3,36.4,11.3,6.6,0.06
8.8,17.9,0,3.9,1.5,-5.3,40,11.5,8.3,1.5
10.1,18.8,0,5,1.6,-3.3,42.9,10.8,9.7,0
11.1,18.9,0,4.9,1.7,-6.7,33.1,11.6,10.3,0
12.8,18.9,0,3.4,1.4,-0.7,41.6,8.5,12.4,0.05
14.7,22.8,0,4.7,1.6,3.7,53.1,10.7,13.5,0
13.3,16.5,1,3.3,1.2,8.5,74.3,2.3,11.4,0
11.8,15.3,5,5.4,2.3,7,74.9,5.1,12.5,0
15.4,22,21,7.8,4.2,9.5,69.4,6.8,13.8,0
12.6,18.6,26,5,2,9.9,84.5,3.4,14,0
13.2,20.3,1,4.9,2.5,4.5,58.5,7,13,0
10.5,11.5,3,3.1,1.1,8.4,88.1,2.6,11.1,0
11.6,15.8,0.1,3.6,1.3,6.4,72.5,1.9,12.6,0
8.3,11.4,1.5,3.9,1.6,3.3,72.1,1.3,10.2,0
9.1,14.2,0,4.1,1.7,2.4,64.8,6,10.7,0
10.1,16.4,0,3.3,1.2,2,61,9.2,11.5,0
11.9,20.5,0,3.5,1.3,0.2,51.1,11.9,12.6,0
13.7,22,0,3.3,1.2,0.4,45.3,11.6,14,0
13.8,20.8,0,5,2,-1,40.6,4.9,12,0.06
11.2,15.4,0.5,5.2,2.6,2.5,56.3,1.9,9.8,0
7.3,8.9,5.5,3.5,1.2,4.5,83.1,2.1,8.8,0
10.5,18.1,5.5,3.7,1.3,5.8,75.8,5.9,11.2,0
9.9,20.8,10,6.9,2.3,6,79.1,4.1,8.4,0
11.2,19.7,0,5.7,1.9,0.3,52.9,12.1,12.1,0
14.9,25.1,0,2.9,1.1,-0.4,41.6,10.2,14.5,0
13.9,16.1,14.5,3.8,1.7,11.1,85.3,1.9,13.9,0
11.1,13.7,11,5.4,2.2,8.3,83.8,2.8,11.7,0
13.1,22.4,0,4.4,1.6,2.5,55.9,12.4,14.4,0
14.2,21.2,0,4.7,1.6,3,48.9,10.3,14.5,0
15.1,23.3,0,4.3,1.7,0.1,44,12.2,15.8,0
17.3,24.5,0,4.6,1.8,0.8,34.9,12.1,18,0
16.4,25,0,4.5,1.6,-0.3,36,12.6,18.1,0
18.6,27.3,0,4.3,1.6,4.9,42.8,12.3,19.3,0
19.6,27.5,0,4.9,1.6,6.7,47.8,12.2,20.9,0
20,27.4,0,3.6,1.2,5.5,42,8.7,20.7,0
17.3,19.9,2,2.5,0.9,13.3,78.8,1.7,16.9,0
20.6,27.6,0,3.6,1.3,13.2,66.3,10.9,22.5,0
-4.2,0.5,0,2.7,1.1,-16.4,41.5,8.5,-2.4,0.01
-4.7,0.7,0,1.9,0.8,-16.3,43.1,9.4,-3.1,0
-3.5,3.1,0,3,0.7,-13.2,49.6,9.3,-3,0
-0.6,5.9,0,2.8,1,-10.1,51.3,7.4,-1.4,0.05
-1.6,3.4,0,3,1.1,-14.6,41.5,8.6,-2,0
-2,3.2,0,2.6,0.9,-13.6,43.4,9.5,-1.7,0
-3.1,3.3,0,2.6,0.8,-14.6,45.3,9.5,-2.4,0
0,5.7,5.7,4.4,0.9,-5.5,68.4,2.8,-1.1,0
1.3,5.7,0,4.1,1.8,-7.5,53.8,8.9,0,0
1.1,9.4,0,1.6,0.5,-7,59.1,9.6,0,0
6.9,14.5,0,4.6,1.1,-5.3,46.4,5.8,1,0
9.4,13.9,7,4.1,1.1,7.4,89,0,2.7,0
11.9,17.3,13.9,3.9,1.1,10.5,92,0.2,5.6,0
-0.2,12.3,0.8,4.8,2.7,-4.1,75.8,0,0.7,0
-4.2,-0.9,0,4.1,2.1,-14.1,48.9,9.7,-0.3,0
-1.4,2.4,0.2,3.5,1.7,-6.7,67.8,3.7,-0.3,0
-0.2,5.6,0,3.6,1.2,-8.5,56.4,9.9,0.2,0
3.8,8.3,0,3.9,1.3,-3.6,60,4.3,0.5,0
3.6,6.5,0,3.7,1,-3,62.4,0,0.4,0
2.6,8.5,0,4,1.3,-8.7,49.4,7.1,1.3,0
0.6,5,0,4.3,1.7,-13.5,35.4,9.8,0.7,0
2,5.8,0,2.7,0.7,-9.5,44.9,0.1,0.6,0
2.4,7.5,0,5.5,1.7,-8.4,50.4,7.8,1.5,0
-1.3,3.1,0,3.5,1.5,-12.4,44.6,10.2,0.7,0
0,4.7,0,4.3,1.5,-8.2,55,6.8,0.1,0
3.4,7.6,0,4.2,1.5,-9,45.4,9.9,1.8,0
2.5,6,5.4,2.4,0.8,-1.4,76.9,4.4,1.6,0
1.2,5,12.8,2.3,0.6,-1.5,83.4,0,0,0
-3.4,-0.7,0,3.3,1.2,-8.5,68.5,4.1,0.1,0
-3.7,1.2,0,3.1,1.1,-10.4,61.4,9.9,-0.2,0
1.9,7.6,0,3.4,1,-3.4,68.8,5.9,-0.2,0
6,12.1,0,2,0.6,0.2,68.6,7.2,3,0
10.3,17.5,0.7,3.4,1,4.4,69.6,6.3,5.6,0
13,16.8,35,4.4,2.2,10.6,86.4,0.3,9.7,0
9.8,13.7,0,2.7,1.2,2,64.1,6.2,9.6,0
7.2,12.5,0,1.7,0.6,-0.3,60.9,0.7,5.3,0
4.8,7.7,0,3,1.2,-6.6,48,0.1,4,0
3.4,8.8,0,3.1,1.2,-9.5,40.4,8.8,4.2,0
1.2,5.8,0,4.4,1.8,-14.9,31.5,10,3.1,0
0.9,5.3,0,3.3,1.2,-13.1,37,10.9,2.8,0
2.4,7.4,0,3.4,1,-7.8,48.5,7.7,2.7,0
2.8,4.8,0.8,2.2,0.6,-1.8,71.9,0,3.3,0
4.1,9.3,0,2.1,0.9,-2.6,66,4.6,4.2,0
5.8,12.6,0,3.1,0.9,-6.8,46.4,9.1,4.8,0
8.4,14.9,0,3.1,1.1,-7.2,35.5,8.8,6.8,0
9.3,17.4,0,2.8,0.7,-7.3,35.9,7.2,7,0
11.3,17.3,0,2.1,0.6,-0.4,45.9,2.5,7.7,0
11,17.4,0,3,0.9,2.9,60.5,8.1,9.5,0
10.4,14.9,0,3.5,1.1,0.8,53.6,3.4,8.6,0
10.2,16.6,0,3,1.2,-1,49.6,10,9.8,0
9.5,15.9,0,3.2,1.3,-5.8,39.9,10.1,9,0
8.4,13.7,0,4.7,1.6,-3.7,43.8,7,8.8,0.03
7.1,12.2,0,2.7,1.1,-6.4,43,10.1,9.6,0.09
6.3,10.8,0,2.9,1,-3.1,51.6,2.2,6.5,0
6.5,12.9,0,2.3,0.8,-5.1,48.6,10,7.8,0
7.2,14.3,0,4,1.3,-6.1,41.9,10.5,8.3,0
8.9,16.7,0,2.8,0.9,-8,34,11.2,9.3,0.03
11.9,18.7,0,5.3,1.8,-1.5,41.6,3.8,9.7,0
12.8,19.5,0,4.2,1.5,-1.8,42.9,10.5,12.2,0
12.3,20.3,0,2.1,0.6,-6.6,31,7,10.9,0
15.1,24.4,0,3.3,1,-5.2,30.4,10.4,12.9,0
15.6,23.1,0,4.7,1.4,-2.3,32.6,10.5,13.8,0
11.6,15.7,0.5,3.8,1.2,3.5,59.1,0,10.5,0
13.5,19.5,0,3.9,1.4,1.3,50.3,9.2,14.1,0
13,19.7,0,3.8,1.5,-6.2,28.3,11.5,13.9,0
14.7,23.1,3.8,4.5,1.3,-3.2,37,6.5,13.5,0.05
14.2,20,16,3.8,1.5,8.5,70.9,4.8,13.6,0
14.4,21.3,0,4.9,1.6,4.9,57.6,8.6,14.2,0
14.2,19,0,2.3,0.9,8.5,69.5,1.3,13.1,0
16,23.1,0,4.7,1.8,6.5,56,6.5,16.5,0
12.8,18.1,0,5.1,2.2,-1.9,39,11.1,15.5,0
14.5,21.3,0,5.3,2.3,0.1,39.6,7.4,14.2,0
14,19.3,6.2,1.9,0.7,9.8,77.1,3.1,13.9,0
15.5,20.6,0,4.9,1.6,8.1,63.4,10.4,16.3,0
15.7,23.4,0,3.9,1.3,1.8,44.6,11.5,15.9,0
15.8,23.9,12.8,5.2,1.7,5.4,54.3,0,14.8,0
12.7,16.5,10.3,6,3.4,2.7,54.1,0,13.2,0
12.6,19.4,6.5,5.1,2,1.3,51,9.1,14,0
12.3,18.2,0,2.6,1.2,2.1,52.8,8.6,13.8,0
13.8,20.8,1.1,3,0.9,4.7,57.5,4.7,14.4,0
13.7,17.8,14.3,3.5,1,11.3,86.1,0.4,14.1,0
17.6,24.8,0,4.2,1.6,9.8,64.4,9.7,18.1,0
14.7,19.9,0,2.6,1,1.1,47,3.7,15.5,0
14.7,22.7,0,2.2,0.8,-1.4,38.1,10.5,15.1,0
17.4,25.7,0,2.5,0.8,2.2,40.5,11.3,16.8,0
20.4,30,0,3.4,1.1,3.7,38.5,9.5,18.8,0
14.9,19,0,4.4,1.9,2.6,45.5,0,14.4,0
15.8,22.4,0,3.1,1.2,1.9,43.1,0,16.6,0
16.4,22.4,0,3.7,1.5,2.9,42,8.2,17.8,0
16.8,24,0,5.2,1.6,5.1,48.5,4.4,16.8,0
-4.3,1.4,0,3,1,-12.8,56.3,9.1,-0.2,0
-4,2.3,0,2.5,0.6,-12.6,56.3,9.4,-0.7,0
-0.1,4.6,0,1.9,0.5,-6.2,64.9,4.5,-0.2,0
-0.2,4.2,0,1.2,0.2,-5.2,70,0.4,-0.5,0
1.9,4.5,0.2,3.2,0.9,-2.3,74,0,0,0
-0.7,2.3,0,2.8,1.5,-9.2,53.3,9,-0.4,0
-2.2,2.5,0,1.7,0.5,-8.6,62.8,2.8,-0.7,0
-1.3,2.3,0,2.2,0.7,-9.2,57.6,0.8,-0.3,0
-3.7,-0.6,0,4.5,1.9,-13.1,48.5,6.7,-1,0
-5.4,-2.1,0,4,2.1,-16.3,42.9,9,-2.1,0
-5.1,-0.2,0,3.7,1.3,-13.5,53.4,9.7,-2.2,0
-2.7,3.5,0,3,1,-11.5,54,9.8,-1.7,0
-1.4,5.4,0,2.5,0.6,-8.3,61.9,6.8,-0.8,0
0.6,5.3,0,2.5,0.8,-7.8,58,6.9,0,0
0.4,7.8,0,2.7,0.6,-9.7,51.1,8.9,0,0
5.5,12.6,0,4.4,1,-3.2,57.1,0,1,0
4.5,10.6,3.4,3.6,2.2,-5,55.9,0,2.1,0
-1.5,3.5,0,3.8,1.6,-13.4,43.8,9.4,0.2,0
1.8,7.3,0.6,3.7,0.8,-5.2,63,2.8,0.3,0
1.5,6.1,4.2,4.8,2,-6.4,59.1,8.3,1.8,0
-0.3,6.3,0,2.1,0.8,-10.5,49.8,10,0.5,0
2,3.7,9.1,2.7,0.7,-2.1,76.1,0,0.6,0
0.5,4.1,0,4.3,2.4,-8.2,54.3,1.2,1.5,0
-0.1,4.9,0,4.2,1.4,-10.7,47.3,7.3,0.7,0
2,7.4,0,3.5,1.1,-7.6,52.6,8.8,1.9,0
2.6,8.2,0,2.4,0.7,-6.9,52.1,8,2.2,0
2.8,9.8,0,2.7,0.8,-7.1,52,10.2,2.2,0
4,10.9,0,2.7,0.7,-7.2,48.1,10.1,2.5,0.1
4.8,10.3,2.9,2.7,0.7,-3.7,57,0.3,3.7,0
2.4,5.1,1.3,3.9,1.2,-1.8,74.5,0.3,3.8,0
2.3,8.8,0,2.7,0.8,-5.6,58.4,10.2,2.6,0
4.2,11.7,0,3,0.7,-7.4,50.3,10.4,3.3,0
5,11.7,3.1,3,1,-4.3,55.3,5.5,4.1,0
1.8,5.4,1.6,4.9,2.3,-10.9,43.6,9.8,3.8,0
-0.4,3.2,0,4.2,2.2,-14.6,36,10.6,1.5,0
0.6,5.2,0,4.7,1.9,-10.5,44.9,8,1.7,0
3.6,9.7,0,5.3,2.2,-8.1,44.5,9.6,2.6,0
4.5,11.5,0,3.6,1.2,-10.4,37.5,10.7,4,0
6.2,14.1,0,2,0.7,-9.8,35.6,10.6,4.6,0
7.8,13.4,0,3.3,1.1,-4.8,42.8,4.3,5.5,0
7.6,12.8,0,2.4,1.2,-3.6,48.9,9.3,7.8,0
4.8,11,0,4.8,1,-5.3,50.6,6.1,5.4,0
4.5,11.4,0,2.3,0.7,-8.3,45.1,10.9,6.3,0
5.5,12.2,0,3,1,-8.6,39.4,10.3,6.6,0
7,14.7,0,2.8,0.8,-8.2,38,10.8,7.4,0
8.6,16,0,3.8,1.1,-8.5,32.4,7.8,8.1,0.03
8.7,17.5,0,2.5,0.6,-7.6,34.3,10.7,8.7,0
9.3,15,0,2.5,0.7,-5.5,37.1,1.8,7.8,0
7,10.3,0,3.4,1,-1.2,56.4,3.8,7.8,0
6.7,13.6,0,3.4,1.1,-6.8,45,9.8,8.8,0
8.2,14.3,0,2.9,1,-6.1,39.6,6.8,9,0
7.7,13.7,0,2.4,0.9,-4.3,45.9,7.1,8.3,0
5.7,8.6,4.2,3.3,1.4,0.6,70.8,0,6.4,0
5.5,10,0,3.8,1,0.6,72.9,2.9,8.2,0
4.7,8.7,4,3.9,1.2,0.7,76.8,0.5,7,0
5.7,11.3,0,2.2,0.7,-0.6,67.3,3.6,8.1,0
7.6,14.6,0,2.3,0.8,-4.5,47.9,9.2,9.6,0
9.8,17.6,0,1.7,0.7,-2.8,45.5,9.8,10.5,0
7.7,10.4,5.6,4,1.6,2.6,71.8,0,7.7,0
6.5,9.4,5.9,3.8,1,3,79.1,1.9,9.1,0
7.3,13.9,0.1,3.2,1.1,-0.9,61.5,7.3,9.6,0
10.3,19.2,0,3.6,1.2,-3.3,43.6,11.5,11.3,0
12.9,20.9,0,3.4,1,-2.8,38.1,11.6,12.6,0
12.8,16.4,4.5,3.5,1.3,3.3,55.9,0,10.7,0
13.4,16.8,5.6,3.2,1.5,8.8,75.5,5.4,14.5,0
15.8,23.9,0,2.7,0.8,6.7,58,9.1,16.3,0
16.1,22.4,0,2.9,1.2,6.5,56.3,8.9,16.8,0
13,15.4,0.9,2.9,1.2,3.9,57.9,0.7,14.5,0
14.9,21.1,0,4.1,1.7,-10.5,21.1,11,15.4,0.2
12.8,18.8,5.7,5.1,1.5,1.8,50,8.1,13.9,0
11.4,17.2,0,4.9,1.9,-11.6,22.8,11.8,13.8,0
12.3,19.2,0,4.2,1.4,-1.5,42.1,10.1,13.5,0
14.2,19.5,0.6,5.8,2,1.4,45.3,5.7,13.6,0
16.2,23.8,0,4.2,1.3,5.6,54.3,6,16.2,0
18,25.4,0,3,0.9,3.7,43.1,2.3,17.3,0
13.3,16.5,9.1,2.9,0.8,7.3,68.8,0,12.9,0
11.3,18.5,5.6,4.8,1.6,7.2,77.6,2.6,13.1,0
12.7,18.5,0,4,1.9,-1.6,41.3,12.2,15.2,0
12.5,16.8,0,3.2,1,0.3,44.8,0.3,13.6,0
12.9,19.6,0,3.7,1.2,0.9,48.9,9.8,15.4,0
13.8,20.4,0,2.6,0.9,-0.7,43,10,15.8,0
14.5,21.8,0,4,1.2,-1.3,38.3,7.1,16.8,0
14.8,22.3,0,4.4,1.4,-2.1,35.9,11.4,16.7,0
16.7,22.1,0,4.3,1.6,4.4,45,5,17.4,0
15.3,20.5,0.1,4.5,1.8,-2.7,36.5,12,19,0
12.8,19,0,4.3,1.6,-4.8,32.3,10.3,16.1,0
14.4,22.8,0,6.2,1.9,0.1,40.9,12,17.7,0
16.4,24,0,4.6,1.3,-1.4,36.3,8.2,18.7,0
19.5,27.8,0,4.2,1.4,4.3,39.1,2.4,20.2,0
-4,2.2,0,1.8,0.6,-14.7,48.8,9.4,-4.1,0
-3.4,3.3,0,1.7,0.6,-13.2,49.9,9.3,-3.8,0
-5.3,-2.8,0.4,4.6,2.2,-15.2,48.4,6.3,-3.8,0
-8.8,-4.8,0,3.5,1.3,-19.9,42,9.5,-6.4,0
-8.5,-4,0,4.8,1.6,-21.6,36.9,9.5,-6.8,0
-9.1,-5,0,3.3,1.3,-20.9,39.9,9.5,-6.9,0
-8.9,-2.9,0,2.5,0.7,-20.2,42.8,9.5,-6.4,0
-5.8,2.2,0,2.2,0.4,-18.2,40.9,9.5,-4.8,0
-2,4.9,0,1.8,0.3,-11.7,49,0.9,-2.8,0
-0.2,5.8,0,4.4,1.7,-14.3,40.1,5.1,-0.6,0
-5.5,-1.7,0.2,5,1.6,-16.6,45.4,5.2,-4.4,0
-5.8,-1.2,0,4.1,1.6,-16,45.8,7.7,-2.6,0
-1.6,3.8,0,3.8,1.1,-9.5,58,9.5,-1,0
3.8,9.5,0,3.6,1.4,-4.6,55,0.4,-0.1,0
1.1,5.8,0,3,0.8,-15.9,30.6,9.6,0.8,0
-0.5,5.6,0,3.4,0.9,-13.1,42.8,9.2,-0.3,0
-1.6,2.4,0,3.3,1.5,-19.6,26.4,9.3,0.1,0
-0.8,4.8,0,1.9,0.4,-15.1,35.5,5.5,-0.2,0
0.9,7.1,0,1.4,0.4,-10,45.1,4.8,0.6,0.5
1.2,7.1,0,3.1,1,-13.2,38.8,8.1,1.1,0
-1,4.4,0,3.1,0.8,-17.9,29.6,9.9,0.4,0
-0.3,5.5,0,3.9,0.9,-9.4,50.6,6.9,-0.7,0
4.5,8.4,1.9,4.5,1.4,-1.1,69.1,2.6,2.6,0
4.9,9,0,4,1.2,-7.6,45.5,5.8,2.7,0
2.6,8.9,0,3,0.8,-10.3,42.5,6.1,2.2,0
2.5,10.9,0,2.7,0.6,-10.7,41.5,10.3,2.6,0
2.4,6.3,0,1.5,0.3,-7.4,49.5,0.4,-0.2,0
4.5,9.3,24.9,4.8,1.7,-0.2,72.9,0,0.5,0
1.8,4.3,1.8,5.5,2.8,-5.9,59.3,7,2.4,0
-0.4,5.4,0,2.4,0.8,-11.2,46.9,10.4,1.6,0
7.4,16.5,0,3.2,0.6,-6,40.8,10.3,4,0
10.9,15.6,5.3,4.1,1.1,5.8,72,2.2,6.8,0
4.6,8.6,12.7,4.9,3.1,-2.2,62.4,5.1,4.7,0
4.4,10.9,0,2.6,0.7,-5,55.3,10.5,3.9,0
5.5,9.8,1,3.8,1.8,-2.7,57.6,3.3,3.8,0
4,8,6.5,2.6,0.6,0.5,79.4,0.4,3.2,0
4.2,8.8,0,2.7,0.8,-1.9,66.8,5.7,3.5,0
4.7,9.9,0,3.6,1.2,-3.3,59.9,7.5,4.7,0
6.9,12.8,0,3.2,1.2,-3.4,52,7.7,6.9,0
7.6,16.2,0,3,0.8,-3.4,50,8.9,5.9,0
11.5,20.1,0,3.8,1.2,2.6,57.4,8.5,9.3,0
15.6,21.8,0,4.1,0.9,7.1,60.1,5.9,12.8,0
12.6,14.9,17.1,3.7,0.9,10.6,88.1,0,10.7,0
5.1,8.5,0.8,3.9,2.3,-3.8,53.5,4.7,8.1,0
5.6,13.3,0,3.2,0.9,-4.8,51,9.7,7,0
8.5,13,0.8,2.6,0.7,-0.6,55.4,0,7.8,0
7.8,9.9,7.6,4.6,1.8,2,69.3,0,7.2,0
4.5,8.7,0,5.8,3.2,-7.4,41.9,6.1,5.6,0
2.9,5.4,0,5.3,2.8,-5.1,56.4,0,3,0
5.8,12.5,0,3.4,1.2,-4.6,49.8,10.3,8.2,0
6.3,13.1,0,2.7,0.9,-4.8,48,10.2,7.9,0
8.3,14.3,0,3.1,1.1,-1.2,53.6,4.9,8.2,0
10.6,17.7,0,2.8,1,-0.7,51.4,7.9,10.5,0.3
11.5,19,0,3.3,0.8,1.3,51.5,9.9,11.2,0
13.4,21,0,2.8,0.8,4.5,57.6,6.2,12.2,0
15,21.1,0,3.9,1.1,5.3,56.6,8,14.1,0
15.6,21.3,0,2.6,0.7,6.7,57.8,6.6,14.6,0
15.7,20.7,0,4,1.8,0,36.6,10,14.9,0
15.2,21.6,0,4,1.1,3.6,48.9,9,14.9,0
15.7,20.3,0,2.2,0.8,7.1,57.3,1.5,13.8,0
18.5,24.4,0,3.3,1,9.1,57.4,6.9,17.4,0
18.7,24.5,0,3.7,1.2,10.5,59.9,5.7,17.5,0
11.8,17.9,18.1,4.7,1.8,6.6,70.9,0,12.7,0
8,9.2,10.8,4.4,1.5,5,82.5,0,9,0
7.2,12,9.9,5.6,2.1,0.5,65.8,4.3,9,0
4.2,9,0.9,6.1,3,-6.3,50.8,5.5,6.4,0
4.8,9.3,3.1,3.7,1.6,-3.5,59.3,4.2,7.6,0
7.5,14.2,0,2.4,0.9,-1.5,59.1,7,10,0
14.7,23.9,5,6.2,2.4,1.5,48.1,7.9,12.6,0
14.1,18.6,1,6.6,2.9,0,43.1,9.8,14.3,0
13,21.1,0,5.6,1.8,-4.8,34.4,11.7,13.4,0
13.4,19.7,0,4.5,1.5,-5,30.9,2.9,11.3,0
8.9,13,17.7,3.2,1.2,5.1,79.1,0,9.3,0
10,14.9,0,4,2,3.1,63.5,3.1,11,0
11.6,18.5,0,3,0.9,1.3,54.1,11.4,14.1,0
12.8,20.1,0,3.1,1,0.8,48.4,9.3,13.4,0
13.6,21.1,0,3,1,-2.6,39.1,11.9,16.1,0
15,22.5,0,3.3,1.2,-1.3,38,10.9,16.6,0
19.2,28.1,0,2.7,0.8,6.4,46.9,11,19.5,0
20.1,28.5,0,3.5,1,1.4,36.8,12.1,21.1,0.5
17.4,23.7,0,4.2,1.5,2.7,39.4,2.2,18.3,0
10.7,14.5,41.2,4.4,1.9,7.7,82.9,0,11.3,0
11.6,15.1,4.9,5.1,2.1,3,59.4,0,11,0
13.2,22.8,0,3,0.7,-1.5,43.5,12.5,14.8,0
15.4,22.4,0,2.9,1,2.5,47,8,15.8,0
15.4,23,0,2.5,0.9,4.9,53,10.7,16.3,0
16.2,23.7,0,3.6,1.2,4.4,50.3,11.9,18.9,0
16,23.5,0,2.9,1.1,3,46,11.1,18.6,0
18,25.3,0,2.2,0.8,6.1,48.9,9.4,19.8,0
