-1,1.1,2.4,2.5,0.5,81.8,0,0.5,0
-1.9,2.3,0,2.3,0.4,77,0,0.7,0
-3.8,2,0,1.7,0.2,76.3,4.2,0.3,0
-0.6,6,0.1,2.3,0.6,76.3,3.5,0.6,0
-0.1,4.3,0,2.5,0.4,76.5,2.5,0.9,0
-0.5,5.6,0,2.3,0.6,70.5,6.7,1.1,0
-2.9,3.6,0,1.3,0.2,70,3.9,0.1,0
-0.7,4.6,2.3,1.5,0.1,79.8,0.5,0.3,0
2.8,8.2,0,1.5,0.2,77.5,4.5,1.3,0
1.6,2.9,19.8,2.3,0.3,89.3,0,0.6,0
2.7,5,0.7,4.5,2.5,72,4.5,1.4,0
0,3.8,0,4.7,1.6,52.8,8.8,1.8,0
-1.6,6.1,0,1.2,0.1,58.8,8.5,-0.5,0
3,8.8,0,2,0.3,60.5,0,2.3,0
3.8,6.6,0.3,2,0.3,76,0,3.1,0
4.8,12.4,0,2.3,0.2,74,6,5.1,0
3.6,12,0,2.2,0.2,68.3,6.5,4.4,0
5.5,7.9,15,6,1.1,81.3,0,4.8,0
6.9,9.7,10.5,6.8,2.5,83.3,0,5.9,0
3.2,4.3,0.1,5,2.2,71,0,3.8,0
5.5,11.1,0,5,1.2,66,2.2,4.9,0
7,8.1,19.6,3.5,1.7,78.3,0,6,0
6.5,7.6,8.1,3.5,1.6,84.3,0,6.3,0
4.7,7.4,0,3.7,0.9,76.5,0,6,0
1,4,0.4,4,1.8,71.5,0.8,4.3,0
-0.7,6.4,0,3.7,0.5,71,7.7,3.4,0
1.2,10.1,0,2.5,0.3,67.8,9.3,3.6,0
4.3,12.8,0,5.3,1.2,63,8.6,6,0
4.2,11.2,0,4.5,1.2,66.3,6.2,5.6,0
6.1,11,0,4,1.1,66.3,4.7,7.4,0
5.1,11.8,0,4.8,1.2,66,4.7,6.5,0
3.1,9.2,0,4.2,1.3,74.8,5.8,5.9,0
2.3,9.4,0,5.7,1.5,68.8,7.5,5.2,0
4.3,10.4,0,7.3,2.3,63,7.2,5.8,0
3.8,9,0.3,5.2,1.4,55.3,10,7.4,0
1.8,10.4,0,4.3,1,57,9.6,5.1,0
3.1,11.6,0,3.8,0.8,57,9.1,5.9,0
5.8,15.4,0,3.2,0.6,68.5,9,7.8,0
5.4,9.8,20.5,7.7,1.2,89.8,0,5.7,0
4.6,8.7,7,8.3,2.3,71.3,3.4,7.2,0
3.6,12.7,0,2.8,0.5,63.8,8.1,7.1,0
4.3,7.1,6.3,2.3,0.3,82,0,6.1,0
5.9,9.2,0,6.3,2.2,68.5,2.2,7.4,0
5.6,11.6,0,5.7,1.8,53.8,7.8,8.7,0
1.9,7.7,2.3,7,0.8,72.5,0,4.4,0
3.6,9.9,0,4.3,1,62.3,8.6,7.4,0
4.7,13,0,6.3,1.7,55,9.7,7.4,0
8.5,15.4,0,4.3,1.3,52,8.4,11.1,0
8.6,19,0,3.2,0.6,60.5,7.5,11.2,0
13.1,20.2,0,3.8,1,49.8,7.8,14.1,0
13.1,19,1.9,3.7,0.6,64.3,0,12.7,0
8,12.9,8.6,6.5,3.3,64.3,0,9.1,0
6.5,10.6,0,6.2,3.1,27.8,9.2,9.4,0
6,16.6,0,3.2,0.6,48.5,10.6,9.7,0
7.2,13.6,1.8,3.3,0.7,69.3,1.2,9,0
7.3,8.6,26.7,3.7,1.8,94.3,0,8.3,0
8,10.4,8.8,3.3,1.2,86.3,0,8.6,0
8.6,11.8,0.2,3,0.4,82,0,9.2,0
10.5,16,1.1,3,0.8,78.3,4.6,13.2,0
10,18.6,0,4.3,1.1,75.8,7.1,12.2,0
11.7,21.8,0,3.7,0.7,70.3,7.3,13.4,0
10.6,16.5,0,5,1.8,75.8,0,11.4,0
5,9.4,0,7.7,3.3,50.8,5.1,8.5,0
7,14.3,0,8.3,2.7,48,11.4,10.2,0
9.6,17.2,0,5.5,1.6,57.3,8.6,12.4,0
7,10.6,13.8,8,1.9,89.3,0,8.5,0
8.6,13.6,0,10.2,5,34.8,9.8,9.6,0
10.7,20.6,0,6.7,1.4,61.8,10.7,12.5,0
13.8,23.9,0,4,0.7,52.8,10.3,15.2,0
15.3,25.6,0,5.8,1.7,47,8.5,15.2,0
15.8,18,14.8,5,2.1,79,0,14.1,0
9.3,17.4,3.1,6.7,2.7,92.5,0,10.9,0
5.4,6.2,10.6,5.8,1.9,87,0,8,0
7.5,10.8,0.2,3,0.6,85.8,0,10.3,0
8.1,12.4,4.1,3.8,1.4,69.5,2,10.5,0
8.8,14.4,0,3,0.9,58.3,7.6,12.2,0
10.1,16.8,0,4,0.9,60.8,9.9,14.5,0
11.6,20.2,0,4.3,1.3,59.5,9,14.8,0
11.6,14,0.4,3,1,67.3,0.7,12,0
11.9,20.4,0,3.8,0.7,70.5,8.3,14.7,0
11.4,15.8,3.6,4.3,0.9,78.3,0,12.5,0
6.7,12.2,4.5,5,1.1,92,1.2,9.6,0
8.5,16.4,0,9.2,2.2,64.5,10.9,12.8,0
11.2,18.4,0,7.3,3.2,55.5,9.4,12.8,0
12.8,17.2,0,6.7,3.5,50.3,10.8,16,0
12,22.9,0,6.3,1.2,61.8,8.9,15.1,0
13.8,17.2,21.8,6,1.6,81.3,1.1,14.1,0
14.8,24.6,0,2.8,0.5,63,8.9,17.6,0
17,27.5,0,3,0.6,49.8,12.3,19.6,0
-3.9,3,0,3.5,0.9,61.8,8.1,-1.9,0
-4.8,2.8,0,2.8,0.3,64.5,7.9,-2,0
-4.3,3.3,0,3,0.4,64.5,7.2,-1.7,0
-2.2,2,3.3,5.5,1.4,61.3,4.6,-1,0
-6.4,1.7,0,3.5,0.5,63.8,8.6,-1.8,0
-3.1,4.1,0,2.2,0.1,71.3,3.5,-1.1,0
0.9,5.4,3.4,4.7,1,81.3,0,0.4,0
-0.2,5,0,3.5,0.7,59,8.4,0.5,0
0.6,9.3,3.6,5.3,0.5,62.5,5.2,0.3,0
2,4.9,5.4,1.5,0.1,84.5,0,0.6,0
1.6,3.6,0.8,3,0.7,80.3,0,0.8,0
-0.9,6.5,0,3.7,0.4,68.3,7.9,1,0
1.2,10.2,0,3,0.8,60,6.6,0.5,0
2.3,11.8,0.3,1.8,0.3,56.5,5,1,0
2.4,4.6,10.3,3.2,0.7,83,0,1.1,0
0,6.3,0,3.3,0.7,47.8,7.8,0.4,0
-2.5,5.2,0,1.7,0.2,59.8,9.2,0,0
-0.8,2.4,0,6.5,1.9,63,0.3,-0.1,0
-3.7,0,0,6,2.8,37.8,7.9,-1,0
-6.3,-0.6,1,4.8,1.9,60,4.9,-1.3,0
-7.4,-4.4,2.7,9.3,3.6,40,8.4,-1.1,0
-10.4,-7.7,0.2,8.3,2.5,40,5.7,-2.6,0
-12.1,-7.4,0,6.3,2,39.5,7.4,-4.6,0
-10.7,-3.3,0,4.5,1.4,58.8,9.5,-4.5,0
-6.8,2.4,0,3.7,1.2,57.5,9,-2.6,0
-1.2,4.8,0,3.8,1,64.8,6.5,0.4,0
2,7.2,3.8,4,0.7,79.5,1.8,0.6,0
3,6.8,0,5,2,55,9,2.2,0
-0.4,6.7,0,3.7,0.7,44,9.6,0.7,0
0,7.4,0,3.7,1.1,51.3,9.1,1.2,0
2.8,9.2,0,3.8,1,53.8,7.5,2.8,0
1.1,11,0,2.5,0.4,60.8,8.3,1.3,0
4.2,14.8,0,4,0.4,62,8,3.7,0
4.9,15,0,3,0.5,69.8,8.6,4.5,0
4.2,9.8,0,5,1.4,61.5,4.6,4,0
1.6,3.6,13,3.5,1.7,78.3,0,2,0
1.1,3,2.3,2.3,0.6,83.8,0,2.2,0
1.8,4.6,11.5,1.8,0.2,78.3,0,2.6,0
3.7,8,1.1,2.3,0.4,73,0,3.8,0
4.6,10.8,0,4.3,1,54.3,9.6,4.7,0
2.1,8.6,0,5,1.4,59.3,5.2,3.8,0
0.7,5.9,0,6.8,1.5,35.5,9.9,2.6,0
1.2,7.4,0,5,1.8,64.3,3.5,3,0
1.5,3.4,0.7,3.8,1.6,77,0,2.4,0
2,9.4,0,4,1.4,45.3,9.5,3.6,0
3.7,12.4,0,4.7,0.8,55.3,9.2,3.5,0
8.1,18.4,0,4,0.8,58,8.6,7.2,0
9,12.8,0.8,3.5,1.1,78.5,0,8.1,0
4.9,7.9,0,5.7,1.7,45.8,2.9,6.5,0
5.2,11.1,0,3.2,1.4,50.5,2.1,5.8,0
7.8,18,0,4.7,1,55.8,9.5,8.3,0
9.7,18.4,0,5,1.1,53,8,10.9,0
12.7,19.8,0,5,0.9,53.5,7.4,12.7,0
7.8,15.1,8.7,7.7,2.4,59,8,10.3,0
4,6,7.4,3.2,2,80.5,0,6.6,0
5.5,10.3,0.3,2,0.4,68.3,1.9,7.7,0
7.1,11,0,4.7,1.2,62.8,1.1,7.8,0
6.6,11.3,0,6,2.1,52.5,8.1,9.2,0
1.8,7.8,0.2,7.3,2.3,49.5,10.1,6.4,0
1.8,8.3,0,3.3,1.1,53.8,11.1,7.8,0
4.1,11.8,0,4.5,1.3,48.8,10.9,8,0
7.2,15.8,0,5,1.2,50.3,9,11,0
7.4,17.3,0,3.8,1,48,10.3,10.4,0
8.9,19.2,0,4.2,0.9,45,10.6,9.8,0
13.1,22.2,0,5.5,1,47.3,7.7,13.7,0
13.7,23,0,3.7,1.2,38.3,10.5,15.8,0
12.7,23.6,0,3.3,0.9,45.5,10.6,12.8,0
14.9,25.3,0,4.7,0.8,46.8,10.1,17.5,0
14.3,22.6,0,3.7,0.6,58.5,1.5,12.9,0
16.6,24.1,0,4.7,1.4,48.8,3.6,15.5,0
16.4,22.2,10,6.7,1.7,49.8,0.3,16.2,0
13,16,16.2,5,2.1,79.3,2.7,13.8,0
11.7,18.9,0,6,1.8,51.5,10,13.5,0
10.9,18.9,0,6.2,1.5,50.3,4.3,12.6,0
11.5,22.7,0,3.5,0.7,53.3,9.6,14.6,0
11,20.2,29.1,3.7,0.6,78,3.6,11.3,0
10.5,15,34.3,5.3,2,69.5,4.9,11.9,0
9.8,19.7,0,5.8,1.7,55.3,10.3,13.5,0
10.3,18.8,0,7,2,54.5,11.4,13.5,0
11.6,21.2,0,4.8,1.5,58.8,10.4,15.4,0
12.8,21.5,0,4.5,1,53.8,10.4,14,0
14.4,24.2,0,5.2,1.3,44.8,10.9,16.9,0
16.5,23.8,0,4.7,1.1,62.5,9,19.1,0
15.2,23.1,0,5.5,2,75.8,6.2,17.9,0
13.6,20.9,0,4.5,1.6,53.5,11.6,18.2,0
13.3,23.3,0,5.2,1.5,56.5,11.1,15.8,0
15,23.4,0,4.8,1.4,59,11.1,18.5,0
14.3,19.6,5.3,4.7,1.5,60.8,5.2,16.4,0
12.8,21.4,5,10,3,57.3,10,15.7,0
-3.9,3.2,0,3.5,0.7,65.8,6.6,-0.1,0
-4.3,1.9,0.4,3.8,0.6,72.8,3.3,-0.5,0
0.3,4.4,7,2.7,0.4,81,0,-0.4,0
-3,1.9,0,2.2,0.6,67.3,3.3,-0.9,0
-5.2,3,0,2.3,0.3,65.5,7.1,-0.6,0
-4.8,3.2,3.1,5,0.8,71,1.3,-0.9,0
-6.9,1.3,0,5.3,0.6,65.3,5.1,-0.6,0
-5.9,0.3,0,4.2,1.4,47.8,8.1,-0.7,0
-5.4,2.8,0,3.7,0.9,60.5,7.3,-0.6,0
-1,5.3,0,5.3,1.3,53.3,4.6,0.3,0
-3.7,5.3,0,4.8,0.6,58,7.7,0,0
-3.2,1,0.1,2.8,0.3,75.5,0,-0.9,0
-0.3,3.4,0,4,2.2,43.8,6.4,0,0
-1.1,4,0,4.7,1.1,55.5,3.7,-0.3,0
2.1,7.3,1.6,7,2.1,58.3,2.7,0.4,0
-3,1.3,0,5.3,2.4,24.8,7.6,-0.4,0
-4.3,2.8,0,3.2,0.7,51,7.9,-0.8,0
-1.5,2.3,0.9,5.2,1.1,72,0,-0.3,0
-5.1,0.8,0,5,1.3,47.5,7.2,-1,0
-4.5,2.3,0,3.7,1,47.3,7.8,-0.4,0
-1.8,2.9,0.4,5,1.6,53.3,4.5,0.2,0
-2.4,5,0,3.5,0.7,58,5.8,0,0
2.3,5.3,3,6.2,3,54.5,5.1,1.3,0
0.1,4.9,0,6.3,2.5,51.5,5.7,0.2,0
0.4,9,0,3.7,0.6,58.3,7.9,1.5,0
2.6,13.3,0,5.3,1,51.5,8.1,1.6,0
4.9,16.2,0,2.3,0.3,67.8,7,1.5,0
7.4,15.5,1,1.7,0.1,70.8,2.5,5.3,0
10.3,14.2,5.6,1.7,0.3,88.3,0,7.7,0
9.1,12.8,3.3,3.3,1.3,71.5,0,7.8,0
5.9,8.7,0,3.8,1.5,51,0,6.5,0
4,10.4,0,3.7,0.8,49.5,6.8,6.1,0
3.7,9,0,4.7,0.9,50.8,2.4,5,0
2.3,4.7,2.2,4.3,1.9,77.3,0,3.7,0
1.1,5.9,0,4.3,1.3,51.5,4.8,2.8,0
0.2,7.2,0,5.7,1.2,56,5.7,2.2,0
2.7,10.3,0,4.3,0.8,59,6.9,5,0
4.3,13.1,0,3.2,0.6,59.5,8,5.9,0
3.4,9.7,0,4,1.2,57.8,2.8,5.6,0
4.5,14.2,0,4.7,0.6,48.5,5.4,6.4,0
4.7,10.9,0,3.3,0.6,65,1.4,5,0
5.2,15.8,0,2.7,0.5,58.8,6.1,7,0
7.6,16.2,0,3.7,0.4,55.8,0.6,6.5,0
10.5,18.8,0,3.2,0.9,49.8,5.9,9.5,0
5.4,7.7,0,3.2,1.4,54.8,0,6.5,0
4.2,8,0.5,5.3,1.9,54.8,0,5.6,0
4,7.6,2.4,2.7,0.6,77.8,0,5.2,0
5.8,12.4,0,5,1.5,57,5.4,8.4,0
5.2,11.4,0,5.7,0.9,56,1.7,6.2,0
6.6,11.2,0.1,5.7,1.6,47.8,3.2,7.7,0
5.3,13.6,0,2.8,0.6,53.5,7.9,8,0
6.3,8.1,13,5.3,1.2,77.5,0,6.6,0
5.9,9.7,0,4,0.8,79.8,0,6.8,0
7.5,11.6,0,3.7,1.2,57.3,4.6,8.8,0
9,17.5,0,2.5,0.6,50.5,7.9,10.8,0
10.8,19.8,0,3.3,1.2,39,8.7,11.8,0
10.7,19.2,0,4,0.9,48.3,8.1,12.6,0
11.1,19.5,0,5,1.2,53,7.6,13.7,3
10,19.7,0,4.3,0.8,59,7.7,13.3,0
10.8,19.9,0,3.2,0.6,56.5,6.4,12.2,0
13.4,19.4,0,6.3,1.8,45.3,6.9,14.9,22.8
12,19.4,0,4.2,1,61,7.9,14.6,0
11.8,21.1,0,3.7,0.6,56.8,6.2,12.9,0
13,21.8,0,3.3,0.6,54,2.5,13.6,0
13.5,23.5,0,4,0.9,52.8,9.2,16.3,0
12.3,21.8,0,6,1.6,64,7.5,15.4,0
12.1,18.8,0,6.2,2.8,59.3,8.4,16.6,0
11.1,18.3,1.3,4,1.5,74,4.5,13.4,0
14.8,24.1,3,6.2,1.3,61,6.8,17.1,0
9.1,13.3,18.3,4.5,1.6,73.5,0,10.7,0
7.3,12.7,6.6,6.3,1.4,73.3,2.1,10.4,0
5,8.8,0,6.7,2.7,53,1.6,7.4,0
6.6,13.6,0,2.7,0.6,61.8,4,10.5,0
8,15.5,0,5.2,1,56.8,6.9,11.5,0
5.2,8.3,9.9,7.5,2.2,79.3,1.9,7.7,0
6.5,10.9,0,5,0.8,65.8,0.7,9.2,0
11.3,19.7,0,6.3,1.8,45.8,5.9,13.1,0
12.4,16.1,20.7,5.2,2.3,73.8,0.8,12.4,0
10.7,17.4,0,6.3,1.9,54.5,9.2,15,0
12.3,21.8,0,4,0.9,54.3,10.1,15.8,0
12.2,22.6,8.5,6,1.2,77.3,1.1,12.2,0
12.7,19.4,0,8,2.1,52,7.6,15.3,0
13.8,22.9,0,6.7,2.3,39.3,10.4,15.8,0
14,19.2,0.6,8.7,3.3,40.3,7.7,14.6,0
11.7,20.6,0,5.3,1.3,56.8,9.1,16.1,0
13.3,23.3,0,4,1,54.3,11,18.3,0
13.9,24.6,0,3.7,0.9,47.8,11.2,19.1,0.5
11.1,15.8,2.2,6.7,0.5,80,1.8,13.6,0
14.6,21.7,0.6,5,1.9,57.5,7,17,0
10.7,12.6,4.3,2.5,0.6,85.3,0,12.3,0
-2.1,3,0,4.7,2.6,46.8,8.6,0.2,0
-3.7,5.2,0,2.5,0.6,57.5,8.8,-1,0
-2.6,4.8,0,1.7,0.4,76.8,4,-0.7,0
1.3,7.8,0,3.3,0.7,78.5,5.5,1.6,0
1.8,12.5,0,3.7,0.8,78.3,5.7,1.5,0
7.9,19,0.9,6,2,77.8,6.5,3.9,0
0,7.8,0,6,3.4,55.8,5.7,1,0
-4.2,1,0,4,1.6,47.5,7.7,0.1,0
-2,3.1,0,3.7,1.5,54.5,7.4,0.6,0
-2.5,5.1,0,4.3,0.6,73.5,9.2,0.6,0
1.2,6.4,1.6,4.7,1,65.8,4.5,1.2,0
-1.5,4.9,0,4.3,1,79.5,5.9,-0.2,0
-1.1,4.8,1.9,2.8,0.6,91.8,3.8,-0.5,0
-0.6,7.5,0,3,0.8,72.3,8.1,1.3,0
-0.4,7.4,0,1.3,0.3,69.3,5.9,0.6,0
2.4,4,30.1,4.7,1.9,89.8,0,0.9,0
3.4,5.2,1.6,4,1.4,83.8,0.8,1.9,0
2.2,7.3,0,3,1,73.8,5.3,2.4,0
0.6,9.9,0,1.5,0.5,71.5,9.1,1.4,0
2.1,9.4,6.8,5.7,1.7,69.5,4.7,2,0
2.9,4.7,23.5,2.7,0.9,92,0,2.6,0
-0.9,3.4,0.2,7.3,3.9,69.8,2.2,1.1,0
-5.5,-1.9,0,6.7,3.6,42.5,7.1,-1.3,0
-5.2,0.3,0,3,1.2,49,9.5,0.8,0
-4.1,3.6,0,2.5,0.8,68.8,8.9,1.1,0
-2.1,4.1,0,3.3,1.1,69,7.4,0.7,0
-1,5.6,0,3.3,0.8,75.5,4.5,1.7,0
-0.6,2.9,0.8,7.7,3.6,65.8,6.4,0,0
-3.9,0.3,0,6.7,2.7,50.3,8,-0.2,0
-2.1,5,0,5.7,1.9,58.5,9.4,1.2,0
1,5.5,0.1,4.5,1.1,80.3,3.3,1.8,0
3.2,10.6,0,3.7,1,69.8,7,3.9,0
4.3,13.6,0,6,1.6,70.8,7.2,4.5,0
4.9,8,7.8,4.7,1.4,88.8,0,4.3,0
3,7,1.7,3.3,1.3,75.5,0.5,5.3,0
1.3,9.1,0,4.3,1,71.8,7.8,5,0
1,7.7,0,4.3,1.3,65.8,6.6,2.6,0
2.2,6.8,0.2,3,0.8,78,0.9,3.1,0
3.8,11.5,0,4.3,1,71,5.4,7,0
5.6,12.3,0,3.8,1.3,62.8,8.4,8.7,0
4.7,14.4,0,3,0.8,64.5,8.6,3.6,0
5.2,11.4,0.9,2.7,0.7,72,0.3,4.4,0
6.2,12.4,0.6,6.3,2.3,64.8,8.9,9.3,0
2.3,8,0,3.7,1.3,58.5,7,6.5,0
2.4,9.4,0,3.3,1.3,53.3,8.7,5,0
4.3,9.4,0,3.7,1.6,61.8,7,8.5,0
3.2,8.4,0,3,0.9,70.3,3.6,5.4,0
3.8,12.2,0,3,0.9,66,9.5,6.6,0
4.3,12.3,0,5.2,1.4,65.8,9.6,7,0
6.8,15.4,0,3,1,61.3,9,10.2,0
7.1,15.8,0,4.3,1.2,62.8,6.9,8.5,0
3.6,5.8,13.4,3,0.7,89.5,0,4.5,0
6.8,12.6,0,4,1.2,81.3,5.6,8.5,0
8.7,15.8,0,4.2,1.3,75.3,7.6,11.1,0
8.6,18.6,0,4.8,1.3,64,7.7,10.2,0
7.9,15.6,0,6.3,2,60.5,8.1,10.8,0
6.6,12.9,0,4.3,1.6,55.3,10.1,9.5,0
5.9,12.4,0,5,1.3,63,6.5,8.8,0
5.7,9.4,23.5,5,1.2,85.8,0.9,7.7,0
9.3,15.8,0,4,1.3,67.5,9.1,12.8,0
9.3,18.6,0,3.5,1,66,8.7,12.1,0
11.1,18.7,0,4.3,1.2,62.3,7.6,12.4,0
7.4,11.8,0.9,4,1.5,83.5,0,7.8,0
5.9,14.4,0,4.7,1.3,61.5,10.6,11.1,0
6.2,13.8,0,6,2.4,63.8,5.6,9.8,0
4.1,7.2,0,8.2,3.9,58,6.8,7,5.5
2.3,6.6,0,7,2.9,75.8,4.3,6,0
4.7,11.1,0,4.7,2.2,55,10.4,11.7,0
1.3,5.2,2.7,5,1.2,90.5,0,4.5,0
4.6,9.8,0.7,4.3,1.6,75.5,6.6,6.8,0
5.8,13,0,4.3,1.7,65.5,5,9,0
7.3,15.2,0,5.5,1.9,63,9.4,10.5,0
9.5,18,0,7,1.8,56.3,10.4,12.1,0
10.6,20.4,0,4.7,1.3,43.8,10.1,13.2,0
11.3,20.4,0,5.8,1.5,51.5,9.7,14.7,0
12.6,21.1,0,7.3,2.2,74.3,8.5,15,0
14.5,23.4,0,4.7,1.5,67,9.7,17.2,0
16.4,26,0,4.8,1.1,63.5,7.9,18,91.5
17.1,26.6,0,4,1,62.5,9.8,19.4,8
16.9,26,0,6.7,1.9,61,7.6,20.6,4.2
16.6,22.6,6,5.2,1.8,70.3,6.1,20.1,0.2
17.6,23.8,6.5,6.7,2.3,69.3,11.3,19.4,0
12.7,18,3.3,7.7,2.9,76,2.8,13.7,0
10.5,16.5,0,7,3.1,59.8,10,13.2,0
10.3,17.9,0,9.7,3.4,64,10.1,13.7,0
13.3,19.2,4.8,3.3,1.2,73.5,6.2,16.6,0
11.3,12.6,16.7,4,1.9,92,0,12.3,0
11.8,15.3,4.9,6.7,2.4,79.8,0.3,13.8,0
13.2,18,7,3,1.3,77.3,5.2,16.1,0
-0.2,5.2,0,5.7,1.8,72.8,7.7,0.8,0
-3.8,0.6,0.2,6.3,2.3,69.3,7.1,-0.3,0
-3.1,3.8,0,4.3,1.6,65,9.1,-0.2,0
-3.1,2.2,0,3,0.9,69.5,2.6,-0.7,0
-2.8,3.8,0,1.8,0.4,87.8,0.7,-0.7,0
0.6,5.2,0,3,0.6,82.3,0.7,0.8,0
2.5,8.5,0,3,1.1,75.3,6.3,2,0
-1.2,3.1,2.8,4.3,0.7,89.5,0,-0.3,0
-4.5,2.2,2.6,7.3,3.1,79.8,0,0,0
-10.3,-1.6,0,2,0.6,73.8,8.6,-0.8,0
-5.1,0.3,0,3.7,0.9,77.8,0,-0.3,0
-1,5.4,1.3,4.5,1.3,78.3,6.5,0.2,0
-3.2,4.4,0,4,1.4,69.5,9.7,0.7,0
-3.1,6.3,0,2,0.6,73.8,8.7,0.9,0
0.7,8.1,0,3,0.7,69.8,3.2,1.2,0
-0.1,7.4,0,3.3,1,76.8,7.2,-0.1,0
0,10.7,0,2.5,0.5,71,8.5,1,0
1.7,12.2,0,3.3,0.7,71.5,7.7,1.4,0
1.8,11,0,3.7,0.7,75.8,8.5,1.3,0
2.4,11.6,0,2.7,0.9,68.5,5.5,1.5,0
1.6,5,0,9,3.4,49.5,8.5,2.1,0
-1.9,1.5,0.2,4.2,1.1,69,2.7,0,0
-0.8,5.3,0,4,1.3,66.5,7.7,2.6,0
-1.2,8.4,0,3.3,0.8,65.3,9.4,2.3,0.1
-1.3,6.5,0,2.2,0.7,68,7.2,0.7,0
-0.3,8.6,0,2.8,0.8,67.8,9.1,2.6,0.3
1.5,10.2,0,3.7,1,63,8.2,3.3,0
1.6,7.2,0,7.7,2.3,67.5,6,2.8,0
-1.8,4.7,0,5,1.7,53.3,9.1,1.2,3.5
0.8,7.6,0,5.7,1.8,71.5,8.4,3.2,0
2.5,6.1,1.4,4.3,1.4,85,0.4,2.8,0
2.9,6.7,7.9,3.3,0.9,87.5,0,4.3,0
2.9,8.2,0.4,3.2,1,81.5,4.2,5.2,0
4.3,13.3,0,5.3,1.4,72.8,6.7,5.1,0
8.7,11.6,4.9,10.7,2.4,82.3,0.7,8.3,0
8.6,13.8,0.7,6,1.6,69.5,3.3,8.4,0
1.2,5.2,0,5.7,2.9,41.8,9,3.9,0
-2,3.4,0,6.3,2.4,46,9.3,2.4,0
0.3,6.1,0,5.7,1.6,74.3,4,2.9,0
4.7,10.3,0,6,1.9,57.5,7,6.7,0
0.6,5.4,0,7,2.8,49.8,8.5,3.5,0
-0.1,5.6,0,8,2.3,51.3,9.2,3.1,0
1.3,7.6,0,5,2,67,9.4,3.6,0
2.2,9.7,0,8.7,2.1,76,4.3,3.9,0
3.7,11.1,0,4.5,1.8,63.3,9.4,5.9,0
3.4,12,0,4.3,1.4,54,10.1,5.9,0
4.1,13.9,0,5.3,1.3,60,9.4,6.1,0.7
5.1,12.9,0,3.7,1.4,69.3,7.8,7.3,0
5.4,11.9,0,7,2.9,69,6.5,6.6,0
4.2,5.9,11.7,11,3.4,87,0,4.8,0
4.2,8.4,0,7,3.2,58.5,10.5,7,0
-0.6,3.1,10.2,8.3,2.3,89.3,2.8,2.7,0
-0.1,4.4,0,7.7,2.6,67.3,5.3,2.7,0
0.4,6.1,0,5,2,74.5,4.5,3.4,0
4.6,11.4,0,6.7,2.3,64.8,10.4,7.3,0
6,12,0,7,1.9,79.5,0.9,6.8,0
7.9,14,0,4.8,1.7,72.5,7.6,9.3,0
6.1,15,0,5.7,1.7,59.5,11.1,9.6,0
8.6,19.2,0,2.7,1,56.8,10.4,11.5,6.1
10,18.9,0,4.8,1.3,67.8,3.7,13.5,0
9.8,18.9,0,6.3,2.1,74,9.8,11.4,0
13,22.7,0,4.3,1.2,69.3,7,14.6,0
13.7,22.6,0,3.3,1.2,67.3,9.2,14,0
15.2,27.7,0,4.3,0.8,58.3,10.4,15.9,0.5
17.4,28.9,0,7,1.5,65.3,7.4,16.4,0
16.4,23.7,0,5.7,1.6,68,4.9,16.4,0
8.9,11.4,0,5.3,1.8,52.5,2.4,10.5,0
7.4,15.4,0,3.3,1.2,68.5,7.7,11.9,0
9.7,18.3,0,5.3,1.2,62.8,6.6,13,0
14.6,23.1,0,6.3,1.6,55,7.7,16.5,6
12.6,17.9,16.6,10,3.7,86.8,0.3,12.8,0
8.9,14.8,0,8.5,3.1,51.5,11.1,11.3,0
9.2,17.4,0,8.8,2.3,60.8,10.1,11.2,0
11.7,21.2,0,6,1.6,63.8,10.9,14,0
12.7,20.9,0,6.3,1.7,65.8,9.6,14.6,0.5
13.6,22.7,0,3.2,0.9,67.5,9.7,14.4,0
13,19.8,0,7,1.1,79,0.8,12.5,0
15.9,27.1,0,6,1.1,63,11.1,17,0.3
17.4,23.2,0,5.7,1.5,59.3,0,15.5,0
18.1,27,0,7.3,2.2,51.3,10.8,19.3,0.5
16.2,18.5,0.8,4.3,1,73.3,0,16.1,0
16.9,23,2,5.7,1.8,81.8,6.6,17.4,0
14.6,23.6,0,5.7,1.4,55.5,11.1,17.6,6.5
15,24.8,0,5.2,1.5,62,10.6,18.2,0
16.4,26.7,0,3,0.9,58.8,11.5,19.3,0.9
15.8,22.5,0,5.3,1.5,63.5,4.8,17,0
15.3,23.3,0,6.3,1.9,63.5,8.4,19.7,0
16.8,23.2,0,4.2,1,75.3,9,18.6,0
18.3,24.2,0,7,3.1,69.3,2,19,0
-7.6,2,0,3.2,0.5,71.3,7.8,-3.6,0
-5.7,5.7,0,3.5,0.5,68.3,8.5,-1.9,0
-4.9,3.5,0,3.7,0.7,76.3,7.9,-1.7,0
-4.2,2.4,0,4.5,1.1,68.5,6.6,-2.2,0
-5.7,2.1,0,4,1,69.8,8.4,-2.1,0
-4.4,3.7,0,6.3,1.4,69.8,8.8,-1.8,0
-2.4,8,0,4.5,1.1,72.5,9,0.2,0
0.2,8.5,0,2.5,0.6,76,6.6,1.4,0
1.7,9.1,0,3.7,0.9,77,4.8,2.3,0
-0.3,9,0,3.8,0.7,71,9.1,2.4,0
1.1,11.4,0,5.3,1,74.8,8.4,2.9,0
2.2,6.5,0,2,0.4,84.3,0,1.3,0
0.2,7.1,0,5.2,1.5,68.3,8.1,2,0
-1.8,5.4,0,4.8,1.5,59.5,8.7,1.2,0
-0.8,4.6,0.1,5.7,1.8,60.8,5.8,0.9,0
-3.4,3.9,0,5,1.6,55.8,9.1,-0.9,0
-2.7,6.5,0,4.3,0.9,61.5,8.8,-0.3,0
-1.3,8.4,0,2.3,0.6,61.5,5.6,0.4,1
0.2,10.4,0,4.5,1,63.8,8.4,1.6,0
-0.7,5.2,0.1,3,0.5,81,0,0.2,0
-0.5,7.2,0,2.3,0.5,64,7.1,1.9,0
-1.2,8.8,0,4.3,0.9,58.3,9.2,1.5,0
-0.4,8.8,0,4.5,0.9,57.8,7.8,1.7,0
0.7,9.6,0,2.7,0.6,61,7.8,2.3,0
-0.5,5.2,0.9,6.3,0.5,81.5,0,-0.3,0
0.8,2.2,0.8,4.3,1.6,80.8,0,0,0
0.1,8.3,0,5,0.9,71.8,6,3.4,0
4,7.8,1,8.3,2.7,71.8,1.6,3,0
2,7.7,0.1,3.7,1.2,65.3,3.6,4.5,0
1,8.5,0,2,0.5,67.3,5,2.9,0
-0.4,6.1,0.1,5,1.1,72.8,3.7,1.9,0
-0.9,5,1.1,6.5,1.3,78.3,2.7,0.1,0
1.3,9.7,0,5.7,1.8,60.3,8.5,3.1,0.65
4.2,11.7,0,4,1,65.8,5.7,4.3,0
5.1,14.3,0,5.3,1,66.3,7.9,5.5,0
6,17.2,0,3,0.7,57.5,9.3,6.1,0
6.2,14.2,7.1,8,1.9,64.3,0.3,5.8,0
3.3,7.2,7.9,10.8,3.9,77,1.2,5.1,0
2.6,6.1,0,3,0.9,79.3,0,3.8,0
3.6,7.5,3.5,3.3,1.2,81.5,1,5.7,0
5,10.3,0,3,1,72.5,3.8,7,0
4.3,13.2,0,4,0.9,70.8,7.6,4.8,0
8.2,18.3,0,6,1.5,56.5,8.8,7.5,0
6.8,9.9,12.2,8.8,2.1,87.5,0,7.3,0
1.3,6.4,0,7.3,3.5,46.5,10,3.6,0
-0.5,5.4,0,7.7,2.3,61.8,5,2.3,0
2.3,9.7,0,7.5,2,53.3,7.6,3.1,0
7.8,15.5,0,9.3,2.4,54.8,7.8,6.7,0
12.1,18.2,0,7,2.5,62.8,4.5,9,0
9.2,11,0,10.2,3.1,71.8,0,8.4,0
7,8.5,2.3,3,1.1,84.8,0,7.6,0
4.1,5.4,2.2,3.2,1.6,89,0,5.4,0
4.1,7.2,0,4.8,1.3,73,0.8,5.5,0
5.1,10.4,0,7,2.3,57.5,9.1,8.7,0
5.3,10.8,5.2,7.8,1.8,67.8,3.6,5.5,0
4.3,11.8,0,3.5,1,60.3,7.2,6.2,0
6.5,11.4,0,1.8,0.7,69.5,1.1,8.1,0
7.8,15.6,0,2.3,0.7,59.8,2.9,7.7,0
3.8,7.2,3.9,8.5,1.9,76,0,4.9,0
4.3,10.4,0,6,2.5,54.8,8.3,6.2,0
2.7,8.3,0,7.3,2.6,45.8,6,4,0
3.5,12.6,0,6.7,2.1,52.8,9.7,6.1,0
6.1,15.5,0,4.7,1.3,54.8,9.8,9.3,12.8
7.4,16.2,0,5,1.5,55,9.5,10.3,0
3.9,7.7,1.5,3.3,0.8,83.8,0,5.1,1
8.1,16.8,0,8,1.7,55,9.3,9.9,0
14.4,21.5,0,8.8,2.7,40,7.8,11.9,0
12.2,16.8,0,5.7,2.4,45,6,12.1,0.2
7.7,15,0,5.3,1.8,43.5,10.3,11.4,2
4.4,12.6,6.1,7.5,1.6,80,3.3,7.7,0
6.7,12.6,0,6.8,2.5,68.5,6.2,9.6,0
9.9,20,0,4,1.1,62.3,7.9,12.8,0
14.8,23,0,3,1,51.3,6.8,15.2,0
14.4,22.9,0,4.2,1.4,55.8,8.3,16.3,1
12.9,18.9,0,6.3,1.8,74.5,5.7,15.5,0
14.4,23,0,6,1.3,60.8,9.3,17.4,0
13.4,22.3,0,6.3,1.9,57.5,6.2,15.2,0.2
9.9,15.9,0,6.3,2.8,59,6.8,14,0
9.8,18.7,0,5.2,1.5,52.3,11.4,15.4,1.7
9.5,17.3,15.5,8.3,1.6,70.5,0.5,11.5,0
13,15.3,19,3.3,1,90,0,13.1,0
13,18.1,1,10,3.2,48,9.6,16.1,0
11.1,19.3,0,7.8,1.9,49.8,9.1,13.6,0
11.7,21.4,0.2,10,2.4,56.3,9.9,15.4,10
13,20.3,0,6.5,2.5,47,11.3,17,0
13.3,22.5,0,3.8,1.2,52.3,7.7,15.6,0
15.5,25.7,0,4,1,51.8,11.1,19.2,0
16.4,24.5,0,5,1.1,53.3,4.9,17.5,0
17,28.1,0,4.3,1.2,55.3,9,18.9,0
-10.5,-4.8,0,8,2.6,58.5,5.9,-3.3,0
-11.2,-4.7,0,4.2,1.2,59.5,8,-4.3,0
-8.9,0.3,0,3.5,0.8,70.8,8.1,-3.8,0
-3.4,2.2,7,3.5,0.7,88.8,0,-2,0
-5.6,0.9,0,7,3,64.8,7.7,-1.2,0
-10.4,-3.1,0,1.8,0.6,73,8.6,-3.1,0
-9.1,-0.6,0,1.7,0.4,76.3,2.3,-3.9,0
-6.2,0.3,0,4.8,0.9,83.8,0,-2.7,0
-7.3,-3,0,3.7,1.4,74,2.9,-3.6,0
-8,-0.5,0,3,0.9,68.8,8.3,-3.3,0
-5,3.7,0,4.2,0.6,83,3,-1.7,0
3.2,12.1,0,3.3,0.6,82.3,5.1,1.5,0
4.5,14.5,0,1.5,0.4,84.5,3.1,1.9,0
3.4,11.4,0,1.7,0.3,89.5,1.4,1.7,0
2.4,8.4,0,5.3,1.7,60.8,6.2,2.8,0
-1.6,3.6,0,4,1.2,51,6.6,0.9,0
-0.7,5.1,0,3.8,1.1,56.8,5.9,1.3,0
-1.5,2.7,0,3,0.7,77.8,1.9,0.4,0
-2.5,2,0,4.3,1.5,53.3,8.1,0.7,0
-4.9,1.6,0,5.7,1.5,61.5,9.4,0.2,0
-5.3,1.8,0,5.3,1.4,63.5,9.3,-0.3,0
-4.1,3.5,0,5.3,1.6,65.5,9.6,-0.3,0
-1.7,5.7,0,4.8,1.4,69.5,8.8,1,0
-1.7,7.3,0,3.3,0.7,70.5,8.4,1,0
-1.1,5.5,0,4.3,0.8,77.3,5,1,2.2
0.1,7.3,0,6.5,1.7,71.5,4.8,0.7,0
-1.8,3,0,5.5,2.5,63.3,7.5,1.4,0
-2.3,6.5,0,4.2,1,75.5,9.3,1.9,0
0.4,7.9,0,4.8,0.9,75.5,4.1,2.4,1.5
1.2,4.6,0.2,5.8,3,65,8.6,2.9,0
-0.5,7.5,0,6.3,1.8,70.8,8.2,2.1,0
0.2,7.8,0,5.5,1.6,66.8,9.9,2.3,1.5
-0.8,6.9,0.2,5,0.8,91,1.8,1.4,0
-0.1,8.6,0,3,0.8,66.8,9.5,2.9,0
2.1,10.6,0,2.5,0.7,74.8,4.2,3.4,0
5.3,6.2,15.7,5.8,1.7,93,0,3.9,0
3,6.4,0,8.2,2.7,66,6.4,3.2,0
2.2,4.3,0,4.3,1.4,83,0,2.3,0
1.8,9,0,6,1.6,66.8,9.8,3.9,0
2.4,6.1,0,7,3.2,56.8,8.2,3.8,0
-0.9,5.9,0,3.5,0.8,69.8,5.9,2.9,0
0.1,8.2,0,2.2,0.6,84.5,4.1,1.9,0
5.3,12.1,0,3,0.6,88.8,1.7,4.6,0
5.9,13.2,0,5,1,74,4.3,5.1,0
3,8.8,19.6,4.8,1.4,84.3,0,2.6,0
5,9,5.3,7.7,2.4,86.8,3.5,5.9,0
1.9,7,0.1,7,2.5,63.3,7.8,3.9,0
2.2,7.6,0,4.7,1.6,48,10,4.7,0
3.5,13.1,0,3,0.9,67.8,8.1,5.4,0
2.3,7,12,4.8,0.9,92.8,0,2.9,0
6.6,11.5,0,3.2,1.1,86.3,6.4,7.6,0
5.2,10.3,0,6.2,2.4,79.8,1.9,5.6,0
4,8.9,1.6,5.3,1.3,87,1.2,5.3,0
5.6,11.5,0,4.7,1.9,79.5,8.6,8.2,0
6,15.5,0,3.2,0.9,72.3,8.3,8,0
7.4,15.5,0,4.8,1.1,67.8,7.2,8,0
6.9,14.5,0,3.7,0.9,73,3.8,7.6,0
9.5,18,13.2,5.8,1.5,80,5.6,9.3,0
8,10.6,15.3,7.5,2.5,94,0,7.9,0
5.9,9.9,0,5.8,2.2,80.3,3.1,7.4,0
3.9,9.8,0,7.7,2,66.8,9.2,7.5,0
3,7.3,0,7.5,2.8,59,9.2,6.7,0
2.9,8.4,0,6.7,2.9,55.8,10.2,5.9,0
4.2,10.7,0,10,2.6,67.3,9,7.1,0
7.9,16.3,0,5.7,1.5,67.5,8.6,9.5,0
5,12,1.5,7,1.2,93.5,0,5.9,0
9.3,15.2,0,5.8,1.8,85,6,10.9,0
9.9,17.3,0,6,2,69,8.6,11.6,0
9.2,16,0,6.8,1.9,59.3,10.6,11.2,0
7.6,12.8,0,8.7,2.2,47,9,11.4,0
5,10.8,0,7.2,1.9,55.8,8.8,9.4,0
5.5,13.1,0,5.3,1.5,62.3,10,10.1,0
6.8,15.5,0,6.3,1.8,65.5,10.3,10.5,0
9.1,17.1,0,5.7,1.6,64,9.5,11.9,1.7
9.3,17.4,0,4.5,1.3,75,6.5,12,0
11.8,17,0,5.5,1.8,70.3,9.3,14.6,0
9.2,11.1,36.7,7.3,2,94.5,0,9.9,0
8.5,14.2,0,6.5,3,57,10.6,10.2,0
8.5,16.5,0,3.2,1,61.8,10.3,11.5,0
9.3,15.4,0,4.2,1.2,76.5,5.7,12.4,0
9.2,16.5,1.2,5.7,1.5,86,8.1,12.6,0
10.4,19.4,0,7.7,1.7,72,10.6,13.4,0
12.9,21.6,0,4.7,1.4,66,11.2,16.5,0
13.3,21.9,0,4.5,1.4,49,10.3,16,0
15.7,22.7,0,3.8,1.1,57.8,8.1,17.9,0
17.8,24.3,0,5,1.4,57,10.5,19.7,0
19.1,26.6,0,4.2,1.2,64,8.4,21.5,0
18.6,25.5,0,3.8,1.4,65.8,8.7,19.4,0
16.4,20,2.1,7.5,2.1,76.3,0,16.2,0
15.6,17,5.5,6.5,1.7,91,0,14.9,0
-3.8,3.2,0,2.8,0.6,74.3,6.8,-0.8,0
-5.2,1.6,0,3.3,0.9,70.8,6.5,-2.1,0
-4.9,2.8,0,3.5,0.9,68.6,7,-2.3,0
-4.1,4.2,0,1.3,0.4,68.9,5.2,-1.8,0
-1.9,5.9,0,3,0.9,61.6,4.5,-0.2,0
-1.6,2.4,0.8,4.3,1.5,68.8,3.3,1.1,0
-4,5.4,0,3.3,0.5,67.9,7.9,-1.1,0
-2.6,8.6,0,2.2,0.4,64.5,7.2,-0.4,0
-0.6,10.3,0,2.2,0.4,65.1,8,0.7,0
-2.2,3.2,0,5.7,1.6,78.3,0,-1.5,0
-3.5,0.6,0.6,4.8,2.5,65.8,4.7,-0.4,0
-4.5,2.2,0,4.3,1.3,60.8,7.9,-1.5,0
-4.2,3.8,0,4.2,0.9,62.5,8.2,-1.3,0
-2.3,6.8,0,3,0.6,67.3,8,-0.3,0
1,7.2,0.1,5.2,1,72.3,3.4,1.3,0
-4,2.3,0.7,6.3,2.6,54.4,9.3,1,0
-5.2,2.1,0,3.8,1.3,63.1,9,-1.1,0
-5,0.3,0.3,4.7,1.4,72.1,0.7,-2.8,0
-2.3,6.2,0,4.7,1.6,64.5,9,-0.6,0
3.2,9.4,0,6.7,2.1,74.5,3.3,2.2,0
-0.1,4.4,0,6.2,2.8,35.3,9.2,1.9,0
-2.1,7.2,0,2.5,0.7,53,8.6,0.4,0
0.5,10.8,0,3.3,0.8,62.1,7.7,2.3,0
3.2,13.3,0,3.2,0.6,67.6,8.5,4.3,0
3.6,4.9,17.7,2,0.3,96.5,0,1.7,0
6.1,12.4,0,4.8,1,83.4,4.7,6.1,0
5.9,15.7,0,3,0.5,76,8.7,5,0
3.3,6.8,18.2,3.3,1,93.9,0,2.1,0
3.9,9.4,0,4.2,1.9,59.6,7.5,4.9,0
0.4,5.4,0,6.5,2,56.4,8.8,3.3,0
-0.2,6.1,0,5,1.4,52.8,9.5,2.9,0
3.5,8.9,0,3.8,0.7,77.1,1.6,3.1,0
6,13.8,0,3,0.6,73.6,6.1,5.5,0
4,8.3,12.4,2.5,0.6,95.4,0,2.6,0
7.2,12.9,0,5.7,2.3,56,8.6,7.7,0
5.4,12.8,0,5.3,1.4,68.3,9,5.7,0
7.4,13.2,0,2.3,0.7,63.5,5.8,7.7,0
5,9.1,1,3.5,0.4,91.9,0.5,5,0
6.3,15,0,3,0.7,64.1,7.2,7.4,0
8.1,17.9,0,2.2,0.5,57.4,8,7,0
10.3,21,0,3.8,0.9,59.5,9.4,10.6,0
4.9,9.8,6.6,5,1.9,80,0,4.9,0
3.4,6.3,2.7,3.5,1.2,77.9,0,5.3,0
3.5,8.1,0,4.8,1.9,58,6.5,6,0
3.9,12.3,0,3.3,1.2,59.3,10.7,5.8,0
5,13.1,0,3.3,1.1,65.5,8.3,6.6,0
6.1,14.9,0,3.3,1,68.1,5.6,6.3,0
7.3,16.3,0,3.3,1.1,62.3,10.2,10.2,0
6.5,13.8,0,4,1.2,66.9,5.6,7.9,0
6.9,14.5,0,4.3,1.1,69.8,6.5,9.6,0.8
2.5,8,0.1,5.5,1.2,76.3,3.7,4.6,0
3,12,0,5,1.6,56.6,9.8,6.8,0
5.6,14.9,0,3.8,1,55,8.6,8.4,0
8.5,16.4,0,4,1,55.5,7.1,11.2,0
8.1,17.5,0,4.8,1.3,64.4,8.3,10.4,0
9.4,19.3,0,5.2,1.3,59.4,8.9,11.2,3
8.5,19.1,0,7,2.3,68.5,6.5,14.5,0.7
2.4,8.1,0,7,3.6,33.8,9.8,7.7,0
3,11.4,0,4.5,1.5,45.1,9.7,8,0
9.8,19.4,0,5.3,0.9,48.1,8,12.6,0
9.5,13.9,23.6,6,1.6,95.9,0,9.7,0
11.8,15.5,0,4.2,1.9,66.4,0,11.9,0
10.8,14.1,0,4.7,1.5,79.8,0,10.8,0
11.2,15.3,2.4,4,1.2,87.8,0,12.3,0
8.9,10.8,17,3.8,0.7,97.9,0,9.6,0
11.8,19.3,0,3.2,1.2,69.8,7.5,13.7,0
11,18.1,0,4.7,1.5,60.3,4.6,11.8,0
9.7,14.9,0,8.3,3.2,47.6,10.5,14.7,0
8.7,17.1,0,7,2.1,53.3,10.7,12.5,0
9.4,16.5,0,5.5,1.9,54.1,9.3,12.8,0
11.1,20,0,8.2,2,49,10.3,14.7,0
12.1,22.2,0,5.5,1.3,53.9,10.7,15.3,0
14.1,23,0,4.7,1.5,57.5,8.4,15.7,0
13.3,20.3,0,5.3,2,52.4,5.9,15.6,0
11.4,18.5,0,6.8,2.1,68.4,5.3,14.2,0
9.8,13.2,0.6,3.2,1.4,73.3,0,12.4,0
11.3,19.8,0,5.7,1.3,55.3,9,15.2,0
12.5,22,0,4.3,0.9,50.3,10.4,16.6,0
14.1,23,0,4.5,1.1,53.3,9.4,17.3,0
15,21.8,0,4.3,1.2,48.6,5.1,17.4,0
12.5,20.9,0,4.2,1.2,47.3,8.8,16.2,0
13.4,21.3,0,4.8,1.4,49.1,9.6,17.6,0
12.8,20.4,0,4.8,1.6,56.6,9.8,16.3,0
12.7,20.3,0,4,1.4,63,8.3,17.8,0
13.6,22.8,0,6,1.5,53.1,10.9,18.5,0
14.1,23.2,0,4,1.1,43.4,11.1,19.9,0
15.6,22.7,0,4.7,1.4,63.5,8.7,19.9,0
16.4,18.6,15.5,4.3,1.6,89.6,1.1,16.5,0
16.1,23.3,0,4.5,1.4,70.1,7.3,17.5,0
-4.1,4.1,0,3.2,0.5,63,5,-1.6,0
-3.4,5.5,0,2.3,0.4,67.4,7.3,-2.1,0
-2.1,4.1,0,2,0.4,74.9,0,-0.6,0
-1.6,5.1,0,3,0.8,74.6,3.6,-0.1,0
-2.9,4.7,0,3,0.9,62.9,8,-1.6,0
0.8,7.5,0,4.5,0.9,66.1,4.5,1.3,0
-0.2,5.7,1.3,5.2,1.3,79.4,0.5,0.5,0
-3.9,-0.9,0.5,7.5,3.7,55.9,2.6,-1.1,0
-6.5,-2.3,13.8,3.2,1,81.3,1.9,-2.8,0
-3.3,1.8,0.2,2.7,0.5,76.3,5.9,-0.1,0
-2.6,6,0,1.8,0.4,75,8.3,-1.4,0
7.5,12.3,6.4,6.3,1.7,73.6,5.7,3.9,0
1.7,4.5,2.8,1.8,0.3,82.1,0,0.2,0
1.2,3.8,0,1.8,0.4,87.3,0.2,0.3,0
0.9,5.2,0,3,0.6,80.9,0,1.2,0
1,8.9,0,3.3,0.6,70.5,7.1,2,0
1.8,10,0,2.7,0.5,61.4,8.8,2.7,0
2.1,10.4,0,2.5,0.7,60.6,5.8,1.1,0
5.9,16,2.8,6,1,67.1,2.5,4.3,0
9.3,13.4,6,7,3.5,68.9,0,8.1,0
3.1,6.6,0,8,3.8,58.3,5,4,0
2.4,12.7,0,3.5,0.6,62.6,9.7,1.2,0
4.3,12.2,0,3.7,0.7,65.6,8.6,4.7,0
5.4,9.7,0,5.3,1,67.6,0,4.2,0
6.5,15.4,0,2.5,0.6,51.3,9.4,5.9,0
4.7,12.9,0,3.2,0.9,65.5,7.6,5,0.3
1.7,3.6,3.1,4,0.7,91.4,0,2.4,0
3,6.9,0,6.8,1.8,77.4,0,3.3,0
3.6,11.7,0,3.5,0.8,66.6,7.5,4.6,0
3.2,11.6,0,3.2,0.7,68,8.8,5,0
4.6,12.8,0,3.2,0.8,66.5,7.4,5.1,0
6.6,15.1,0,3.2,0.6,61.5,6.5,5.9,0
7.7,16,0,3.7,0.9,59.8,7.5,6.8,0
8.7,14.8,0,5.7,1.8,56.8,5.5,8.2,0
6.8,14.4,0,3.8,0.8,55.1,9.3,7.2,0
6.6,14.7,0,2.7,0.9,58.6,8.6,9.5,0
7.5,16,0,5.3,1.4,56.9,5.2,6.8,0
6.3,9.5,0,5.7,3,45.8,2.3,6.7,0
5.2,6.8,3,4.8,1.4,87.4,0,6.3,0
6.3,11.7,0.7,6.3,2.3,60.5,6.4,7.7,0
8.2,14.9,0,5.8,1.8,59.4,7,8.6,0
5,10,0,7,3.5,58.6,5.3,7.4,0
2,7.7,0,7,2.4,50.8,7.9,4.7,0
3.1,8.8,0,1.8,0.5,75.1,0.8,5.1,0
5.9,15.5,0,3,0.8,62.9,9.2,6.8,0
9.4,17.8,0,4.5,1.1,56.6,5.6,8,0
8.6,12.5,34.3,7.3,2.3,82.4,0,8,0
-0.3,2.7,0,7.2,3.2,42.3,6.5,3.9,0
0.8,6.3,0,4.8,2,54.6,8,4,0
1.2,6.7,0,6.3,2.1,52,10,4.6,0
3.5,10.3,0,4.7,1.5,56.1,8.6,6.1,0
5.6,12.6,0,4.8,1.4,59.1,7.1,6.7,0
8.5,15.6,0,4.8,1.4,60.6,6,10.2,0
8.6,14.8,0.4,7.2,1.3,66.3,1.5,8.2,0
7.8,12.2,0.5,2.8,0.9,80.3,0,8.8,0
9,19.5,0,3,0.7,65.3,7.3,10.8,0
12.5,22,0,4,1,60,8.6,13,0
12.3,18.3,0,4.2,1.2,73.1,1.8,13.4,0
12.9,18.8,0,2.8,1.2,56.5,8.2,15,0
5.8,12.9,23.3,6.7,2.8,85.8,0,7.6,0
5.7,11.3,0.7,4.8,1.7,67.3,6.4,9.1,0
7.1,14.5,0,4,1.1,57.5,9.5,10.5,0
9.8,18.3,0.3,4.3,0.9,54.4,9.3,11.9,0
10.8,12.2,24.5,4.2,1.1,92.8,0,11,0
16.7,23.4,0,3.5,1.1,59.4,9.2,15.4,0
16.3,23.6,0,3.8,0.9,62.6,9.1,16.7,0
15.3,19.1,2.8,2.8,0.7,82.4,0.3,14.6,0
13.9,19.3,0.5,3.5,1,76.1,2.9,15.8,0
14.6,21.1,0,3,0.8,80,4.9,16.8,0
17.5,26.9,0,1.8,0.5,70.8,8,17.9,0
19.4,25.1,21.5,8.2,3.7,74.9,1.2,19.2,0
14.7,16.8,19,3.3,1.2,90.8,0,16.1,0
15.6,22.1,1.7,3.7,1.3,80,2.7,18.4,0
13.1,18,1.5,2.5,0.9,71.5,3.2,17.2,0
14.8,21.6,0,5.2,1.6,65.3,6.2,16.1,0
14.1,20.1,0.7,4.8,1.5,68.8,4,15,0
14.7,21.9,0,4.2,1.3,66.6,8.8,18.1,0
16.1,24,0,3,0.8,62.5,9.4,18.5,0
18.8,26.7,0,4.2,1.1,73.6,9.2,20.6,0
20.2,26.2,0,4.2,1,68.3,2.9,21,0
20,26.7,3.3,4.5,0.6,82.6,2.6,20.5,0
20.6,24.6,7.7,2.5,0.4,88.4,1.6,19.8,0
19.4,24.3,1.3,3.7,1.1,86.6,0.5,20.6,0
13.7,17.8,1.5,3.7,1.7,67.1,0.7,16.9,0
14.5,18.9,1,4.3,1.3,68.9,2.6,16.1,0
16.7,24.7,0.2,3.3,0.8,68.4,11,20.2,0
18.9,26.8,0,4.2,1,64.3,10.4,22.4,0
18.3,25.3,0,3.8,1.2,75.6,3,20.6,0
20,27.5,0,7.2,2.2,48.9,5.8,26.1,0
0.2,7.5,0,3.5,0.6,75.3,4,0.9,0
-4.5,0.3,0,9,2.9,56.8,3.2,-2,0
-8.9,-3.2,0,5,1.8,53.8,7.9,-3.6,0
-7,-0.9,0,4.5,1.1,68.4,6.2,-3.2,0
-3.3,3.4,0,4.8,1.5,71.4,6,-1.7,0
-1.5,4.6,0,2.8,0.7,69.5,6.2,0.6,0
-1,7.3,0,2.5,0.2,78.9,3,0,0
2,10,0,2.8,0.4,75.4,4.5,2.1,0
2.2,7.4,0,3.8,0.8,78.5,2.7,2,0
1.2,5.2,0,3.3,0.8,73.4,0,0.9,0
-0.4,5.5,0.2,7.7,1.6,72,7,1.1,0
-4.7,-1.4,0,6.5,2.9,53.1,8.7,-1.9,0
-5.7,1.3,0,4.3,1,57,9,-2.9,0
-2.9,0.4,0.8,3,0.2,85.6,0.4,-0.7,0
1.6,7.1,0,2.3,0.2,87,0.4,1.7,0
0.8,9.1,0,4.7,0.4,81.6,6.1,1.3,0
5.3,9.9,0,3,0.6,86.9,0,3.6,0
4.6,10.7,0,6,2,59.3,7.9,4.5,0
-1.8,2.9,0,6.7,2.5,60.9,9.2,0.5,0
-3,1.2,0,6.7,2,56.4,9.4,-0.2,0
-2.7,3,0,4.5,1.7,64.1,9.3,-0.6,0
-0.3,7.4,0,5.7,1.2,72.3,5.9,0.7,0
1.6,8.9,0,2.3,0.3,71.8,7.6,1.9,0
3.6,5.7,0.5,5.3,0.7,93,0,3.4,0
3.1,8,0,1.7,0.2,89.6,2.5,3.6,0
2.3,6.4,0,1.7,0.3,88.9,0,1.7,0
-0.8,4.6,0,6.5,3.3,49.1,9.5,1.1,0
-1.8,5.7,0,5.8,1.1,62,9.6,-0.8,0
4.5,9.3,0,5.7,1.3,75.9,3.3,4.4,0
6.3,12.7,0,3.8,1.2,64.8,7.4,6.5,0
5.9,14.9,0,4,1,65.6,8,5.8,0
8.3,19.6,0,4.7,0.6,61.3,9.3,7.6,0
7.1,12.6,3.7,6.7,2.3,71.3,5.8,7.8,0
4,10,0,2.7,0.5,72.5,2.4,3.5,0
5.1,10.2,0,4.7,1.4,64.3,7.9,6.2,0
2.4,5.5,0,3.7,1.2,78.9,0,3.4,0
2.1,7.3,0,2,0.4,74.8,4,4.1,0
3.8,9.1,0,4,0.8,70.3,6.1,4.5,0
2.6,9.4,0,4.3,0.9,57.8,10.1,4.1,0
3.2,11.8,0,3.5,0.5,61.5,9.2,4.7,0.13
6.6,16.9,0,2,0.3,66.1,9.9,6.9,0
7.5,13.7,2.6,6.8,0.6,71.6,0,10.1,0
6.3,9.9,3.4,6.3,2.2,77,5.1,6.5,0
7.3,16.9,0,4,0.6,70.3,9.9,6.6,0
9.8,16.8,0,5.2,0.8,75,7.4,13.3,0.3
11.4,18.9,32.8,8,1.6,90,0,10.2,0
5.5,9.3,2.7,8,3.7,70.3,1.6,6,0
5.6,10.6,0,5.2,1.7,61.1,6.7,7.1,0
1.8,4.8,2.1,8,3.1,71.4,1.6,5.4,0
-0.9,5,0,4.2,1.6,53.8,10.6,2.3,0
1.6,9.8,0,3.8,0.6,66.1,10.3,4,0.2
2.2,7.9,3.4,1.7,0.2,83.4,0.6,2,0
7.4,15.6,0,3.3,0.4,82.4,6.9,8.5,0
7.3,8.5,24.7,5.5,1.1,86.1,0,7.2,0
8.1,14.9,0,7.2,1.9,52.4,10.2,8.6,0
3.4,9.8,0,8.3,2.1,51,10.7,5.3,0
2.2,8.1,0,2.3,0.4,63,3.4,3.9,0
6.6,15.8,0,3.5,0.7,62.1,9.2,8.3,0
9.1,16.9,0,4,0.7,63.1,9.5,11.1,0
8.6,12.3,20.7,2.5,0.5,86.5,0,8.2,0
9.8,14.7,0,6.2,2.6,67.5,6.9,11.1,0
5.5,11.8,0,5.3,1.2,61.4,8.2,7.6,0
8.1,15.7,0,7.3,2,67.1,9.1,10,0
10.4,18.5,13.5,4.8,1.4,71.3,8.6,12.8,0
6.8,9.5,1.5,6,2.4,74.5,1.5,8.4,0
5.9,12.6,0,4.3,0.9,74.4,6.7,7.6,0
10.2,17.5,0,4.2,0.8,65.9,10.3,13.2,0
9.4,14.9,16.9,5.3,0.5,81,0,9.9,0
12.5,18.1,8.8,8.8,4.1,73.1,3.2,12.9,0
14.2,22.7,0,3.8,1,66.5,11.2,15.1,0
11,15.9,29.2,6,1.4,89.5,0,11,0
6.4,9.2,5.7,6.7,3.9,82.8,0,6.9,0
8.8,15.8,0,6.8,2.9,55.3,11.6,10.5,0
10.3,19.8,0,6.3,1.5,60.3,10.9,12.9,0
11.3,18.4,0,4.8,1.1,77.6,3,15.1,0
15.1,23.8,0,2.7,0.7,68.4,10.2,16.8,0
17.8,27.6,0,4,0.7,62.6,9.8,19.6,0
18.3,27.6,0,4.3,1.1,61.9,9.4,20.5,0
16.7,24.8,0,3.8,1,66.6,6.1,19.3,0
17.9,25.8,0,3.8,1.3,70.5,10.6,20,0
19.3,27.5,0,3.7,0.9,71.1,9.2,21.4,0
18.7,28.4,0.1,5.5,1,73.6,7.5,20.7,0
19.5,28.1,0,3.5,0.9,65.5,10,20.9,0
19.5,28.9,0,4,0.9,59,11.4,21.9,0
19.2,28.1,0,3.8,1,63.9,11.1,22.3,0
16.1,24.5,0.1,7.7,1.5,78.3,6.5,19.7,1
12.7,19.5,1,4.2,1,80.3,7.3,16.2,0
13.3,21.2,0,3.8,0.9,61.5,10.9,17,0
15,23.8,0,5.3,1.4,58.1,11.3,18.7,0
-8.5,-2.7,0,3.2,0.9,59.6,7,-5.9,0
-5.9,0.4,0,2.4,0.9,64.3,8.4,-4.5,0
-4.3,1.6,0,3.4,1.3,67.3,5.4,-3.6,0
-4.2,3.4,0,1.3,0.4,66.6,8.6,-3,0
-1.7,5.1,0,1.5,0.4,60,3.9,-2.3,0
0.2,3.8,0.7,3.8,1.5,77.1,3.6,0.7,0
-1.6,1.7,0,5.2,1.5,71.3,0.4,-0.4,0
-7.2,-4.3,0,4.4,2.7,49.3,4.5,-4.6,0
-6.8,0,0,3.6,1.2,55,8.9,-4.7,0
-4.8,2.6,0,2.4,0.7,58.4,8.9,-3.5,0
-1.4,4.9,0,3,1,69.5,2.5,0.2,0
-2.2,3.7,0,1.3,0.4,77.6,0.2,-1.7,0
-0.2,6.8,0,3.7,0.6,71.6,2.4,-0.2,0
-0.6,4,1.2,5.4,2.2,59.8,2.7,0.6,0
-5.7,-2,0,5.6,3.2,38.4,8.9,-4.2,0
-5.7,0.7,0,5.2,2.2,49.9,9.5,-4,0
-5.1,1,0,3.6,1.9,43.9,9.5,-3.3,0
-3.5,3.2,0,3,1,48.5,9,-1.3,0
0.2,8.4,0,2.6,0.7,41.1,7.6,1,0
-1,5.2,0,3.6,1.4,54,9.2,0.7,0
-2.4,3.7,0,3.8,1.7,47.6,9.4,-0.3,0
-2.7,4,0,2.8,0.9,51.1,7.4,-0.8,0
-0.6,4.5,0,3.8,1.5,58.4,0,0.2,0
-3.5,1.9,0,4.1,1.9,39,9.4,-0.9,0.03
-4.3,0.6,0,3.1,0.9,47.3,5.6,-2.9,0
-0.7,4.3,0.3,4.3,1.7,53.3,5.5,1.8,0
0.5,6,3.5,4.8,2.1,57.9,4.9,-0.4,0
-2.5,1.8,0,4.4,2.2,40.9,9.7,0,0
-2.9,4.5,0,2.2,1.1,46.6,9.5,-0.4,0
1.1,7.7,0,2.7,1,59.1,9.3,2.6,0
3.5,12.1,0,3,0.7,64,8.5,4.5,0
6.6,17.8,0,3.8,0.8,49.3,8.4,5.5,0
7.8,14.2,0,3,1.4,50.1,8.6,5.2,0.5
3.6,12,0,4.2,1,59.4,5.6,3.9,0
1.6,9.7,0,4.7,2.3,48.5,6.3,1.1,0
-1.7,3.4,0,5.3,3.3,26.9,9.7,0.4,0
-2.3,2.9,0,5.1,2.4,47.6,5.5,-2.9,0
-0.3,6.3,0,5.1,2.3,36.5,10,1.1,1
2.6,10.2,0,3.4,1.5,55.4,8.8,3.1,0.2
3.4,5,0,1.3,0.5,77.1,0,2.6,0
3.3,10.8,0,3.5,1.5,68.4,4.7,5.2,0
3.5,10.4,0,3.5,1.3,51.9,7.8,4.8,0
4.4,12.9,0,3.8,1.4,39,10,5.3,0
5.8,14.6,0.2,3.5,1,39.6,4.4,7.6,0
4.1,8.4,3.8,3.8,1.8,72.8,2.9,5.6,0
5,13.4,0,3.6,1.3,56.9,10.1,5.9,0.06
8.6,15.6,0,3.7,1.3,44.3,3.7,8.7,0
4.7,9.3,2,5.5,1.7,78,0.5,5.1,0
5.6,13.6,0,3,1.4,63.5,7.7,9.1,0
6.2,13,0,2.6,1.1,51,2.5,8.2,0.1
7.8,16.6,0,4.7,1.8,49.8,9.9,10.8,0
6.4,10.7,0.1,3.9,2.2,65,0.3,8,0
4.1,8.8,0,5.8,3.4,31.6,9.3,5.8,0
4.8,11.9,0,6.2,2.8,41.5,9.6,7.6,0
6.9,15.1,0,4.4,1.6,42.1,9.4,9,5
11.2,19.7,0,6.8,1.9,41.4,6.3,11.3,0
9,15,3.9,6.1,2.2,75.3,0,9.9,0
5.3,9.9,0.8,3.5,2.1,68.4,0.7,7,0
7.7,15.4,0,4.2,1.8,47.4,9.4,11.2,0
8.2,17.4,0,5.8,1.5,49,5.9,11.7,0
7.7,16.8,0,3.8,1.4,34.5,9.4,11,2.7
8.4,15.6,0,2.2,0.6,41.5,3,11.3,0
10.7,20.2,0,2.2,0.9,47.8,9.7,12.1,0
12.4,21.2,0,4.1,1.4,44.4,7.8,15.9,0
8.8,14.6,0,6.4,2.9,39.8,7.7,11.1,254
7.4,15.7,0,3.1,1.5,41.6,10.9,13.9,0.3
7,14.2,0,7.3,2.6,37.8,7.1,9.5,0.5
7.9,17.8,0,3.4,1.1,35.6,10.8,16.1,0
10.8,20.6,0.6,3,1.3,37.9,4.9,12.8,0
5.6,9.9,6.6,7.5,3.5,52.4,7.5,7.5,0
7.7,16.6,0,4.7,2.6,43.9,10.8,12,0
10.9,18.3,0,5.8,1.7,51,7.2,13.9,0
12.8,21.3,0,4.6,1.7,58.6,6.6,16,0
12.1,18.6,0,3.7,1.4,43.9,5,16.4,0
9.6,18.5,0.5,5,1.4,61.3,2.5,12.9,0
9.6,17.3,0,4.8,1.7,51.9,8,14.8,0
11.9,20.4,0,4.3,1.5,52.5,6,17.6,0
13.2,18.5,0,3.8,1.5,51.8,1.8,13.6,0
11.4,14.3,14.2,3.9,1.7,74.6,0,11.7,0
14.5,23.7,0,4.9,1.7,61.4,9.2,16.9,0
12.4,16.4,6.5,3.3,1.3,84.6,1.3,13.4,0
9.3,15.6,1.4,4.6,1.9,69.9,3.8,11.2,0
10.4,15.4,0,5.4,3.6,42.5,7.9,12.7,0
11.5,19.5,0,5.2,2.2,41.9,10.5,16.4,0
13.4,21.6,0.1,3.9,1.2,43.1,0.7,15.5,0
11.7,15.7,1.4,3.3,1.4,76.1,0,12.8,0
8.6,10.5,7.6,2.1,1.1,87.9,0,10.1,0
11.5,18.4,0,3.2,1.4,68.5,5.6,14.4,0
14.4,23.2,0,2.6,1.1,51.8,10.8,19.7,0
14.3,20.6,0.3,3.7,1.9,56.9,5.4,17.3,0.1
-4.5,1.2,0,4.1,2.4,46.4,8.3,-1.6,0
-6.7,-1,0,2.2,0.8,61.3,7.1,-3.6,0
-1.2,3.6,0,1.6,0.6,75.1,2.1,0.1,0
0,6.4,0,2,0.5,74.9,5.4,0.7,0
-0.3,7.3,0,1,0.4,71.4,7.3,0.4,0
1.6,6,0,1.6,0.5,72.9,1.5,2.1,0
-0.5,4.3,0.1,3.8,1.8,58.8,4.7,0.7,0
-5.3,-0.1,0,2.6,1.6,46.9,8.6,-3.5,0
-3.1,1.2,0.2,2.8,1.3,75.8,1.6,-1.7,0
-2.9,2.6,0,2.9,1,49.6,7.9,-2.5,0
-2.8,2.8,0,2.8,1.2,43.9,7.7,-1.6,0
-3.2,1.8,0,2.1,1,37.1,4.2,-1,0
-4.1,1.2,0,2.4,1.2,45.8,3.4,-1.5,0
-4.8,1.4,0,4.3,1.6,48,9.2,-3.8,0
-3.9,0.3,12.8,4.1,1.1,78.5,0,-3,0
-7.1,-2.1,0,2.9,1.6,68.1,8.9,-3.8,0
-6.2,0.3,0,1.1,0.4,73.6,2.3,-3.1,0
-0.1,5.5,0,1.3,0.4,77.4,2.1,1.3,0
2.5,9.1,0,1.5,0.5,73.6,5.8,2.6,0
1.9,11.1,0,2.9,0.6,73.9,6.3,2.6,0
2.6,9,0,2.1,0.7,74.8,1.7,2.3,0
3.1,13.5,0,1.3,0.5,70.8,7.4,3.4,0
1,3.4,7.5,3.2,1.4,87.1,0,-0.2,0
-0.4,1.6,11.2,2.6,1.3,85,0,-0.1,0
-3.2,3.4,0,2.8,1.3,62.6,9.3,-2.3,0
-1.4,6.4,0,1.7,0.7,64.9,9.3,-0.6,0
0.7,8.5,14.3,2.4,0.6,72.4,4.2,0.4,0
1.7,4.1,6.9,1,0.5,87.5,0,1.6,0
1.6,5.1,0.5,2,0.4,88.9,0,2.6,0
2.3,9.6,0,1.9,0.6,80.1,2.8,3.5,0
2.7,11.9,6.3,3.7,1.8,77.5,0.8,3.1,0
-2.5,-0.3,4.3,5.5,3.6,64.9,2.8,-1.2,0
0.5,6.2,0,3.2,2,48.6,9,1.7,0
2.4,9.5,0,4.5,2,63,0,1.6,0
-1.1,2.3,0,4.5,3.1,49.9,6.3,2.2,0
-4.4,-0.6,0,4.8,2.9,46.1,4.7,-1.3,0
-1,3.6,0,4,2.1,42.6,9,1.2,0
2.2,6.7,4.3,3.9,2.4,57.1,8.7,3.7,0
-0.2,6.1,0,3.1,1.4,52.1,9.9,2.7,0
0.9,7.6,0,3.6,1.6,52.9,9.9,3.3,0
3.2,12.6,0,2.1,0.9,53.3,10.1,4.5,0
7.6,15.3,0,4.6,1.9,63.5,4.2,6.1,0
4.6,10.3,0,3.1,2.4,57.9,5.1,6.4,0
4.4,14,0,2.1,0.8,47.9,8.6,5.9,0
5.7,11.3,0,2.3,0.9,53.6,0.2,5.7,0
6.5,14.8,0,3.1,1.3,61.9,8.5,6.2,0.5
8.4,16.9,0,3.9,1.4,69,5.4,8.4,0
10.6,19.8,0,3.8,1.7,53.4,7.3,9.8,0
10.3,21.6,0,3.5,1.2,43.8,9.6,11,0.1
10.1,17.5,0,4.6,1.9,39.9,6.5,10.8,0
8.1,18.1,0,2.3,0.7,36.8,6.2,9.2,0
11.3,22.5,0,3.2,1,36.3,9.1,13,0
9.5,17.5,0,5.4,2,41.4,5,10.2,0.2
2.7,8.4,0,5.1,2.6,30.6,10.6,7.9,0
1.4,6.8,0.2,3.1,1.2,52.8,1.8,5.4,0
2.8,8.3,4.4,2.7,1.3,66.9,3,4.5,0
1.4,6.8,0,4.2,1.8,60.8,5.9,5.8,0
1.7,8.7,0.6,3.3,1.2,67.3,4.5,5.7,0
3.2,10.1,0,3.9,1.9,54.8,7.9,6.3,0
5.8,13.3,0,4.3,2,52.3,9.5,10.4,0
6.4,11.7,0,3.2,1.8,67.6,3.4,8,0
8.1,16,0,2.7,1.4,50.9,8.3,11.8,0
9.2,18.5,0,3.5,1.9,38.9,9.2,13.3,0
9.6,17.6,0,3.7,2,37.4,7.9,14.1,0
11.3,18,0,2.3,0.8,46.1,0.3,11.1,0
12.4,18.4,0,2.2,0.6,66.3,0.6,14,0
15,23.3,0,2.5,1.2,56.8,5.9,18.2,0
18.7,28.4,0,2.7,1.4,43,8,20.7,0
17.5,25.7,0,3.2,1.5,45.8,6.3,19.8,0
8.1,14.4,12.9,2.3,1.6,78.8,0,9.7,0
6.8,12.4,0,4.4,2.4,53.1,4.6,8.1,0
9.5,17.1,0,3.3,1.5,41.5,9.8,12.7,0
8.8,15,9.7,4,2.9,55.3,7.7,11.8,0
12.2,21.1,0,3.8,1.5,48,9.7,14.5,0
13.9,23.5,0,4.2,1.3,46.8,10.5,15.7,0
14.4,26.2,0,3.2,1.1,36.9,11.4,17.8,0
15,25.7,0,3.7,1.3,35.6,10.9,18.2,0
14.1,24,0,3.8,1.6,51.1,9.2,18.2,0
14.1,20.4,0,4.3,2.3,45.5,7.6,18.6,0
13.1,21.2,0,4,2.1,40.5,10.6,18.4,0
12.5,20,0,2.6,1.3,41.4,11.1,19.1,0
12.6,21.3,0,4.3,1.9,43.9,9.5,17.6,0
12.7,19.9,0,2.5,1.4,37.4,9.3,18.4,0
11.8,19,0,2.6,1.2,40.6,6.4,14.8,0
12,21.5,0,3.4,1.4,37.3,9.1,17.2,0
13.5,23.8,0,2.8,0.9,33.4,9.4,19.4,0
13.5,21.6,0,1.9,0.6,44,1.5,14.8,0
17.4,22.9,0,2.8,1.3,48.4,0.3,17.3,0
17.9,25,0.2,3.9,1.9,38,2.8,19.6,0
-2.9,4.7,0,2.4,0.5,65,2.5,-1.7,0
1.7,8.4,0,3,0.6,66.4,4.9,1.4,0
1,10.2,0,2.3,0.4,62.1,8.1,1,0
0.8,7.5,0,2.4,0.4,61.8,1.4,0.2,0
3,10.2,0,2.9,0.8,54,7.7,2.3,0
3,9.1,0.8,4.8,0.8,64.3,4.4,1.7,0
3.4,8.9,0,4.6,1.7,43.4,8.1,3,0
-0.2,3.6,0,3.5,1.2,59.5,0,-0.8,0
-2.3,3,0,5.3,1.8,33.6,7.2,0.1,0
-1.7,1.8,0,3.5,1.4,65.1,1.4,-0.9,0
-3.7,1.4,2.3,7,1.8,53,4.8,-4.6,0
-3.3,3.9,0,4.1,1.1,49,8,-2.5,0
-1,5.5,0,4,1.2,48,9,1.3,0
-1.3,5.7,0,3.2,0.9,48.4,9.1,0.8,0
-0.5,7.1,0,3.4,1,50.9,9.1,1.2,0
-0.5,5.4,0,1.8,0.5,70,0.9,0,0
0.4,4.5,0.5,5.5,1.5,77,0.3,-0.5,0
-1.7,3,0,5.5,2.5,41,9.3,0.2,0
-2,4.7,0,3.3,1,42.1,9.3,1,0
-0.1,8.1,0,3.3,0.8,56.5,9.3,1.2,0
0.7,4.6,0.5,1.9,0.4,80.3,0,0,0
2.6,7.5,0,3.1,0.8,83.4,0.4,2.1,0
2.1,9.2,0,3.1,0.8,64.9,5.7,2.4,0
3.4,12.5,0,3.5,0.7,56.8,9.5,2.9,0
4.6,10.8,0,4.5,1.2,51,3.5,3,0
5.1,11.9,0,2.5,0.7,51.3,6.2,4.3,0
6.7,12.7,0,2.7,0.8,53.4,4.7,4.9,0
7.4,14.2,0,3.8,1.1,52.3,8.1,6,0
5.4,15.3,0,2.3,0.5,52.5,6.3,4.4,0.3
5.5,14.1,0,4.6,1.3,53.8,3.4,4.5,0
5.8,11.3,0,4.6,2.7,48.5,5.7,5.6,0
3.2,9.6,0,2.7,0.9,49.8,7.3,3.7,0
3.7,6.7,1.1,3.9,0.9,61.5,0,3.9,0
1.4,4.2,3,5.1,2.7,69.8,0.3,1.2,0
0.4,6.3,0,4.4,2.1,43.4,10,2.4,0
2.1,9.8,0,3.7,1.1,56.1,10,3.7,0
7.8,16.1,0,5.3,1.8,55.8,7.8,4.8,0
9.6,15,4,4.9,2.4,59.6,6.2,8.4,0
6.1,14.5,0,5.4,1.7,44.3,10,5,0
7.7,17.3,0,3.4,0.8,50.8,9.5,6.3,0
10.3,19.7,0,3.9,1,46.6,9,8.1,0
8.4,15.1,2.5,5.8,0.9,65.3,0.1,6.5,0
7.8,12.6,0.4,5.4,1.9,75.8,3.4,7.7,0
8.5,16.6,0,4.4,1.4,47.5,8.9,7.1,0
10.1,16.3,0,6.5,2.5,34.3,8.9,7.7,0.05
8.3,13.9,0,6.5,2.6,35.9,9.1,6.8,0
7.6,15.3,0,5.5,1.9,49.1,5.9,6.1,0
11.8,21,0,4.7,1.3,49.5,5.9,8.2,0
8.4,17.2,15,6.9,3.4,52.8,0,8.1,0
6.8,11.3,0.1,7.1,3,36.1,1.9,5.6,0
5,9.9,0,6.5,3,35.3,7.9,4.3,0
4.7,11.5,0,5.2,1.6,38.1,9.9,4.5,0.1
7.4,15.5,0,4.1,1.4,53.5,7.6,6.1,0
9.1,15.9,0,4.2,1.1,58.9,2.5,8.4,0
10,18.2,0,3.7,1.3,51.6,9.4,8.8,0
11.6,20.1,0,4.4,1.4,49.4,8.6,10.9,0
13.2,19.7,0,3.1,1.2,54.3,6.3,14,0
10.5,16.6,5.5,3.4,1.1,69.3,0.6,9.8,0
10.6,16.6,0.1,3.6,1.2,75.6,3.1,11.7,0
12.2,22.3,0,5.2,1.4,56.1,8.9,12,0
14.6,24.6,0,4.6,1.1,41.3,10.7,13.6,0
12.5,19.7,0,5.9,1.9,38,9.4,14.3,0
13.3,24.3,0,3.4,1,28.3,10.5,14.1,0
16.4,26.2,0.2,6,2.5,29.5,9,19.1,4
13.2,15.1,12,7.2,2.5,83.3,0,11.4,0
12.1,16.3,0,4.3,1.8,79.9,0.4,13.7,0
9.5,14.4,0,5.3,2.8,43.1,4.5,11.2,0
7.5,13.1,0,5.8,2.7,45,6.1,10.2,0
8.6,14.4,0,5.3,2.1,51.4,9.6,11.7,0
8.5,15.4,0,3.5,1.3,49.4,5,11.4,0
9.6,17.9,2.5,7.3,1.9,58.1,5.9,10.9,0
11.3,17.6,0.1,4,1.9,56.6,6.9,13.2,0
18.9,27.6,0,6.3,2.3,33.9,9,17.1,0
20.9,25.5,0,5.4,3,53,4.7,19.1,0
15.6,20,40,5.7,2.1,87.5,0,15,0
10.8,15,0,7.1,4,36.4,9.9,11.8,0
11.2,19.3,0,5.2,2,43.8,10.7,13.1,0
11.4,20.4,0,5,1.2,37.4,9,12.8,0
13.6,23.8,0,3.5,0.9,39.1,10.1,15.1,0
16.9,26.7,0,3.3,1,47.4,10.4,18.3,0
20.8,29.4,0,3.2,0.9,51.1,10.4,21.6,0
19,25.7,0,4.2,1.8,64.5,3.5,20.5,0
11.9,17.8,0,6,2.8,44.5,9.9,18.1,0
10.5,18.7,0,3,1.1,44.5,11.1,16.9,0
13.6,21.4,0,3.8,1.4,39.9,10.9,18.4,0
15.2,22.5,0,4.3,1.6,34,7.9,19,0
17.2,25.3,0,4.5,1.6,38.8,9.5,20.6,0
15.1,17.4,34,5.8,2,75.3,0,14.5,0
14.7,16.6,79.5,3.2,0.8,90.9,0,14.8,0
-3.4,5.3,0,2,0.3,62.4,8.2,-1.7,0
-3.1,3.9,0,2.8,0.8,61.9,8.2,-1.7,0
-3,3.6,0,2.7,0.5,58,8.1,-2.1,0
-2.1,2.5,0,2.1,0.3,62.1,2.3,-0.8,0
-2.7,3.6,0,3.4,0.8,58.9,7.2,-1.5,0
-2.5,5.1,0,3.4,0.8,61.3,8.4,-1.3,0
1.7,7.3,0,2.2,0.4,63.4,0.2,-0.3,0
1,2.5,7,2,0.3,84.4,0,-0.4,0
0.2,3.4,0,1.7,0.4,91.9,0,0.4,0
3.2,10.1,0.4,3.8,0.7,80.3,3.3,1.7,0
0.6,4.9,3.5,4.3,2.1,61.9,4.6,2.1,0
-4.6,0.2,0,3.6,1.8,39.9,8.5,-0.7,0
-1.4,4.8,0.7,4.7,1.4,61.6,6.4,-0.2,0
0.8,7.3,0,3.3,0.7,58,8.1,0.5,0
2.3,9.9,0,2.7,0.6,49.5,7.4,0.8,0
2.6,10.2,0,3.3,0.5,54,8.4,1.7,0
2,10.4,0,3.3,0.8,60.6,7.5,1,0
0.6,5.5,0,2.9,0.4,72.3,0,-0.5,0
0.3,4.2,3.2,3.8,0.7,81.9,0,-0.3,0
-0.7,6.7,0,2.6,0.4,66.8,8.8,1.8,0
0.7,5.1,4,2.7,0.4,73.8,0,-0.5,0
2,3.3,28,3.7,1.7,87.8,0,0.5,0
1.8,3.5,0.5,2.6,1.1,74.9,0,0.7,0
2.9,6.9,1.3,3.4,0.9,74.6,0.8,2.4,0
3.6,9.2,0,3.1,0.7,65.3,5.6,4.4,0
2,7.7,0,2.6,0.2,76.8,0.7,1.4,0
3.6,11.2,0,4.4,1.6,59.8,8.6,3.8,0
5.2,12.1,0,4.5,1.2,55,7.3,5.5,0
4.3,7.2,5,2.7,0.6,79.1,0,3.6,0
4.5,10.3,1.5,4.5,1.2,65.1,3.6,6.2,0
0.5,2.8,3,4.7,1.9,67.3,0.5,2.7,0
-2.1,3.2,0,3.3,0.9,50.8,9,1.6,0
0.5,7.1,0,2.1,0.6,56.4,3.5,2,0
2.1,4.9,3.5,3.4,1.1,77.3,0,2.1,0
1.7,4.4,7.5,3,0.5,87.1,0,2.8,0
1.5,6.1,0.5,3.1,1.1,76.3,2,4.4,0
1.5,7.4,0,2.4,0.7,66.8,3.8,2.8,0
2.1,9.5,0,3.2,0.7,59.8,6.8,4.5,0
3.6,11.3,0,2.5,0.6,49,9.4,5.2,0
5.7,12.5,0,3.7,1.1,45.5,7.8,6.1,0
4.1,11.8,0,3.7,1,51.8,9,5,0
5.3,12.9,0,4.3,0.9,52.6,7,5.8,0
8.4,14.5,0,3.6,1.3,51.3,6.5,7.6,0
5.5,7.4,8,2.4,1,80.9,0,5.4,0
3.3,7,1.5,2.2,0.6,82,0.1,4.6,0
3.5,11.3,0,4.5,1.4,65.4,5.6,5.6,0
5.1,13.6,0,3,0.8,50.1,10.2,6.6,0
6.8,16.2,0,3.4,1,49.9,9.9,6.7,0
8.7,15.8,0,3.9,1.6,50.6,5.4,7.4,0
8.8,17.6,0,3.7,1.2,52.6,9.7,10.1,0
6.9,14.3,0,3,0.6,51.5,1,8.6,0
7.6,15.2,1,3.6,1.4,58.4,4.5,7.4,0
7.3,11.6,0,4.8,1.8,70.9,2.1,8.2,0
9.9,17.5,0,3.6,1,55.6,4.1,10.4,0
8.2,13.7,9.5,5.9,2.4,59.1,6.5,8.7,0
5.1,11.9,0,3.4,1.2,58.4,6.5,7.7,0
7,14.9,0,3.8,0.9,48.8,8,8.9,0
11.5,19.3,0,4.3,0.9,43.8,7.2,11.3,0
14.4,21.5,0,3.5,0.8,56,2.1,12.4,0
16,23,0,4.6,2.2,26.6,10.2,15.3,0
12.3,21,0,5.7,1.9,37.6,8.4,12.9,0
12.6,20.3,0,3.9,1.3,31.8,7.4,12.4,0
12.2,18.7,0,4.5,1.6,36,7,14.3,0
10.2,19.8,0,4.6,1.4,35.5,10.5,12.5,1.5
11.4,21.3,0,4.3,1.5,38.5,9.9,12.8,0
10.1,19.3,12.5,5.1,1.5,50.5,1.9,10.2,0
9.2,14.6,16.5,3.9,1.5,75.8,0.5,9.8,0
5.6,9.4,2,3.1,1.3,77.4,0.1,7.6,0
9.5,19.5,0,3.9,0.8,52.4,9.4,10.8,0
9,12,10,5,1,80.8,0,8.9,0
11.9,19.7,0,5.2,1.7,74.4,4.5,13.2,0
12.1,19,0,4.8,1.4,50,9.2,12.7,0
12.7,21.7,0,4.8,1,41.6,9,15.3,0
13.5,22.9,0,4,1.5,43.5,10.1,15.6,0
16.5,26.1,0,4.5,1.3,44.3,9.9,17.3,0
17,26.2,0,4.3,1.1,55.5,4.8,16.6,0
17.6,24.9,20,5.9,1.1,77.8,2.5,16,0
11.5,16.2,8.5,2.9,1.1,86,0,12.4,0
9.7,11.6,7.5,3.1,1.1,88,0,10.9,0
12.6,20,0,4,1.2,52.6,9.9,15.4,0
10.7,15.5,1,2.6,0.8,60,0,11.6,0
11.5,16,14.5,2.6,0.3,78.4,0.9,14.7,0
15.4,23.1,0,3,0.5,68.8,4.2,16.8,0
11.9,15,33.5,3.3,1.4,86.5,0,12.2,0
13.7,21.9,0,3.2,0.8,68.8,7.8,16.1,0
15.8,23.4,0,4.1,1.1,59.4,7.9,17.2,0
17.1,26.5,0,3.5,0.7,53,10.6,19.2,0
11.7,13.8,44,3.5,0.8,84.9,0,10.5,0
12.9,20.7,0,4.7,1.5,56.4,9.3,11.7,0
1.9,11.3,0,3.3,0.9,56.1,6,1.4,0
-0.3,3.7,0,4.9,2.6,49.6,7.3,0.8,0
-4.5,0.6,0,6,1.9,46.1,8.3,-5.2,0
-2.4,2.8,2.8,4.3,1.7,58.3,7,-3,0
-4.2,-0.2,0,4.9,2.8,43.8,7.8,-4.5,0
-5.8,-0.8,0.4,4.3,1.5,67.9,4,-6.4,0
-3.4,-0.1,0.3,5.5,2.5,56.3,7.8,-3.7,0
-0.2,7.3,0,5.3,1.8,58.6,6.1,-2.5,0
-3,4.2,0,2.8,1,53,9.1,0.9,0
-2.1,5.9,0,2.8,0.8,52.6,9,0.2,0
-0.8,5,0.1,2.4,0.7,73,0,-1.4,0
-0.2,6.6,0,3.1,0.9,69.6,6.8,-0.2,0
2,8.5,0,3.9,1.1,51.6,3.6,2.1,0
3.6,7.7,2,6.7,3.8,53.4,1.3,2.3,0
2.3,9.7,0,5.4,1.9,53.5,9.3,1.8,0
4.1,11.8,0,4.1,1.2,55,9.2,3.9,0
5.1,10.4,0,5.5,2.5,45.3,8.1,6.6,0
3,12.2,0,3.8,0.9,48.4,9.2,4.2,0
5.2,17,0,2.2,0.6,42.4,9.3,7.4,0
7.9,21.1,0,4,0.9,43.1,9.2,9,1
9.8,15.5,6,6,1.8,74.4,0,7.5,0
6,16.2,19,4.6,2.9,87.4,0,5.4,0
1.5,7.3,0,4.7,2.2,59.8,5.1,3.6,0
2.6,8.7,0,4.4,1.4,67.4,3,3.3,0
6.8,12.8,0.1,5.5,2.8,58.5,4.7,7.6,0
1.8,5.8,0,6,2.8,42.5,7.6,4.4,0
1.1,7,0,4.3,1.5,53.3,8.8,0.9,0
4.6,12.8,2,4.2,1.1,67.5,1.6,2.1,0
6,10.7,0.4,4,2,50,7,8.9,0
3.6,10.2,0,4.8,2.2,34,9,4.8,0
-0.7,3.6,0,4.7,2.5,28.9,9.8,0.7,0
-2.3,1.8,0,3.5,1.2,36,3.4,-1.3,0
-1,4.3,11.1,4.2,1.8,51.8,7.5,2.6,0
-1.3,0.3,5.9,2.6,0.8,91.5,0,-1.3,0
-4.5,0,0,4.4,2,66.3,5.1,-4.6,0
-3.7,2,0,4,1.5,58,9.9,-1.7,0
1.6,7.1,0,3.4,1.1,69.8,5,1.7,0
5.7,13.4,0,3.6,1,67.3,9.5,6.9,0
9.3,16.7,0,5.5,2.4,72.3,1.8,10.2,0
6.1,10.9,0,4.6,2.2,26.3,4.8,7.1,0
5.8,13.5,0,4.3,1.4,38.5,9.3,8,0
6.2,13.5,0,3.4,1,47.5,7.4,6.9,0
6.6,12.6,0,4.4,1.3,70.9,2.6,5.8,0
7.4,16.8,0,3.3,0.9,60.8,6.5,6,0
13,21.9,0,5.7,1.4,44.9,5.6,11.6,0
8.3,18,11,7.2,2.8,66.6,0,8.8,0
2.5,9.3,0,3.8,1.7,45.5,10.3,5.1,0
2.9,10.2,0,2.5,0.9,47.8,7.8,4.5,0
6.1,14.6,0,3.8,1,46.6,9.9,7.4,0
9.5,17.7,0,3.2,0.9,41.6,5.6,9.6,0
10.8,17.4,0,3.4,1.5,47.1,6.1,11.2,0
8.5,17.3,0,3.9,1.2,46.5,9.6,8.1,0
8.1,15.4,0.3,4.6,1.6,51.8,6.4,7.8,0
7.3,14.9,0,3.5,1,53.5,5.7,6.4,0
8.9,18.4,0,3.4,1.1,44.6,10.4,10.2,0
9.7,18.6,0,3.9,1.2,41.4,10.4,11.1,0
10.7,20.7,0,5,1.4,37.9,10.2,12.1,0
13.8,20.2,0.5,3.5,1.2,52.6,0.7,13.5,0
11.2,17.1,2,7.6,2.9,49,7.6,12.2,0
7.9,15.4,0,6.1,2.1,33.6,10.3,9.9,0
9,19.9,4.5,6.3,1.7,47.6,5.8,8.7,0
5.9,9.7,1,5.5,3,68.4,2.5,6.3,0
5.7,9.9,0,3.4,1.7,62,1.2,5.4,0
6.6,13.8,0,4.7,1.6,52.3,10.2,8.5,0
8.8,17.6,0,4.5,1.7,41.8,10.9,10.7,0
7.4,13,0.5,4.1,1.1,61.9,0.2,7,0
9.7,16.9,0.2,5,1.7,54.4,5.8,10.1,0
9.4,18.7,0,4.7,1.7,37.1,10.9,11.8,0
12.8,22.6,0,3.8,1.5,43.4,10.5,14.4,0
15.1,24,0,3.4,1.1,44.4,8.9,16.2,0
17,24.4,0,4.1,1.5,39.8,10.5,18.5,0
17,25.4,0,2.9,1.2,47.6,8,18.2,0
17.6,24.4,0,4.7,2,43.3,9.8,19.4,0
17.1,25.3,0,5,1.6,40.5,10.9,18.9,0.2
14.6,24.3,0,5.3,1.3,38.1,7.5,15,0
16.4,24.9,0,5.5,1.9,42.9,9.9,17.2,0
17.7,26.6,0,4.5,1.5,43.3,10.7,18.5,0
19.1,29.5,1.5,6.3,1.6,45,7.2,20.7,0
15.9,17.4,8.5,5.6,1.6,86.6,0,14.6,0
16.8,24.2,0,4.8,2,57.3,8.4,16.4,0
17.4,27.8,0,4.6,1,59.8,6.2,15.9,0
16.1,23.7,2,4.3,1.3,77.1,1.6,15,0
12.5,19,0,4.1,1.8,44.6,11.1,14.7,0
11.6,19.7,0,5.7,1.8,42.5,10.7,13.8,0
12.7,20.9,0,6,1.9,30.6,10.5,14.6,0
9.7,16.6,30,4.5,1.7,62.6,0,8.4,0
7.1,9.8,13,4.7,1.9,81.9,0,6.8,0
10.2,20,0,3.7,1.3,64.3,9.3,11.8,0
14.4,23.9,0,4.4,1.3,48.5,11.4,15.5,0
16.1,23.2,0,3.4,1,60.5,2,15.7,0
-9.9,-5.3,0,6.3,3.5,38.1,7.8,-4.5,0
-8,-1.2,0,4.1,1.6,54.5,8.8,-3.9,0
-5.2,1.9,0,3.3,1,50.9,8.7,-2.6,0
-2.3,3.8,0,4.6,1.2,47.6,7.6,-1.1,0
-1.6,5.7,0,3.2,0.9,44.1,8.4,-0.2,0
-1.9,8.5,0,1.6,0.6,47.8,5.7,-0.3,0
1.6,5.9,0,2.2,0.7,65.3,0,-0.4,0
1.2,6.2,1.5,4,0.9,80.1,3,0.8,0
-2,2.7,0,3.3,1.2,70.3,0,-0.7,0
-4.2,1.5,0,4.2,2,38.5,9.2,-1.2,0
-6.5,0.2,0,4.1,1.5,41.8,9,-1.9,0
-6.3,0.8,0,2.9,0.8,45.5,1.8,-2.5,0
-4.3,3.8,0,4,1,50.6,9.2,-2,0
-0.1,6.6,0,1.7,0.6,45.4,3.2,-1,0
3.3,11.6,3,5.4,1.7,56.1,0.5,0.5,0
2.5,5.4,13,3.8,1.5,87.4,0,0.7,0
4.2,11.2,0,4.5,1.2,68.6,6.9,2.5,0
3.3,4.9,0,4.3,2,57.9,0,0.9,0
-1.7,2.5,1.3,7.2,2.7,59,4.7,0.4,0
-6.7,-1.2,0,5.6,2.8,41.1,8,-2.1,0
-6.4,-0.4,0,5,1.7,45.8,9.7,-1.9,0
-1.6,4.7,4,7.7,2.6,71.8,0,-1.6,0
-0.5,3.4,0,6,2.7,45.3,7.2,0.7,0
-0.8,7.1,0,4.3,1.4,37.1,6.3,0.6,0
-3.4,1.4,0,6.3,2.5,35.5,9.7,-0.1,0
-5,1.2,0,4.4,1.8,41.1,9.7,-1,0
-3.2,4.1,0,3.6,1.3,46.4,9.6,-1,0
0.4,7.5,0,4.5,1.6,49.3,8.6,1.1,0
0.1,6.4,0,3.8,1.4,47.1,9.3,1,0
0.5,5.6,3.1,3.3,1.4,64.9,5.2,1.3,0
-1.2,4.6,0,4.7,1.6,49.9,9.6,0.8,0
-1.7,5.1,0,2.9,0.9,54,4.7,0.3,0
-1.9,5.8,2,3.5,1,77.8,5.4,0,0
0.5,7,0,4.5,1.5,61.3,7.2,2.4,0
5,12,0,5.5,2.1,60,6.2,2.7,0
6.3,12.5,0,4.9,2,50,7.8,4.2,0
6.5,16.7,0,3.2,0.7,47.1,9.5,4.5,0
11.4,15,14.5,4.2,1.8,72.9,0,6.8,0
2,7.9,7,5.3,2.9,77.4,0.2,3.7,0
-3.3,1,0,5.8,3.6,36.3,9.9,0.8,0
-1.7,4.2,0,5.9,2.6,37.5,9.5,1.1,0
1.4,9.7,0,4.2,1.6,47.3,10,2.5,0
3.7,11,0,4.3,1.3,60,4.6,3.6,0
8,15,0,4.2,0.9,55,7.2,7.1,0
5.9,9.9,13,4.8,1.9,77.5,0.8,6,0
4.6,10.3,0,5.1,3.1,49.8,9.2,5.6,0
4.8,12.6,0,3.8,1.4,47.9,10.1,5.5,0
6,12.6,0,4.8,2,53.9,7.7,6.3,0
7.8,16.3,0.2,4.2,1.5,52,7.1,6.2,0
7.7,15.4,6.5,3.1,1.3,70,6.5,9.1,0
7.8,14.4,0.5,4.9,1.5,56,2.3,7.1,0
1.7,5.8,6.7,6.7,2.6,65.4,2.6,2.5,0
3.3,8.6,0,6.3,3,49.3,8.6,3.8,0
6.8,14,0,3.5,1.3,66.8,6.6,6.8,0
8.8,19.4,0,3.3,1,57.8,9.8,8.8,0
7.8,16.6,0,5.1,1.9,58.9,9,7.9,0
5.6,12.4,0,5.1,2.2,41,10.4,7.2,0
7,14.6,0,6.4,2.3,45.1,10.3,7.5,0
9,17.5,0,5.5,1.7,46.8,9.3,9.2,0
9.9,17.8,0,3.7,1.1,39.1,6.4,9.2,0
11,19.3,0,5.1,1.7,39.9,8.3,10.2,0
8.2,14.2,1.5,4.9,1.9,55.8,5.6,10.6,0
8.8,16.6,0,5.5,1.8,45.6,9.2,9.8,0
12.8,23,0,4.3,1.4,42.4,10,12.1,0
12.7,20.5,4.5,7.1,2.2,69.6,0.2,10.1,0
14.4,16.7,0,4.1,1.9,77.1,0,12.1,0
14.6,24.6,0,5.5,1.1,59.1,7.3,13.1,0
14,16.1,13,6.7,4.2,64.1,1.1,11.2,0
12.5,17,35,4.1,1.9,82.1,1.7,12.5,0
12.3,18,0,4,1.6,53.1,7.1,12.8,0
11.3,17.7,0,3.6,1.5,60.8,1.4,12.2,0
11,16.9,0,4.4,2.1,52.1,8.6,12.5,0
11,19.1,0,7.1,2.8,50.6,10,12.3,0
10.1,17.2,0,4.9,2.1,41.6,11.2,13.5,0
10,19.2,0,5,1.7,33.6,11.1,13,0
13,21.6,0,4.5,1.1,40.4,6,13,0
14.7,22,5.5,3.3,1.1,63.4,2.8,14.5,0
16.7,24.5,15,5.9,1.9,59.6,1.5,14.8,0
11.6,15.6,5,7.3,3.4,47.6,10.1,13.6,0
10.9,16.2,0,6.9,3.1,44,7.6,11.2,0
11.3,18.4,0,5.7,2.5,43.5,9,11.8,0
12.1,20.3,0,3.6,1.1,49.5,11.4,14.8,0
14.5,22.5,0,5,1.8,45.1,9.4,15.1,0
15,21.5,0,4.8,2,44,10.2,17.5,0
15.2,22.3,0,5.2,1.7,48,11.4,17.7,0
17,25.2,0,5.9,2.2,45.8,4,16,0
21.7,29.4,0,8.1,2.9,58.8,8.3,21.4,0
21.2,28.6,0,3.5,1.5,50.4,9,23.2,0
24.1,33.2,0,3.6,1.3,51.3,9,24.6,0
1.3,4.6,5.5,3.8,1.3,81.6,1.4,1,0
-1.7,2.9,0,5.4,2.1,55.3,8.6,-0.7,0
-10.2,-3.8,0,4.8,2.6,42.4,8.5,-4.3,0
-9.4,-2.9,0,4.3,1.6,48.4,9,-5.6,0
-6.9,-1.7,0,2.1,0.9,51.1,5.9,-4.6,0
-0.9,4.2,0,2.5,0.7,54.1,3.6,-0.9,0
-0.6,1.2,10.5,4,1.7,88,0,-0.5,0
-7.7,-3.1,1.2,4.5,2.3,69.5,2.2,-0.6,0
-7.2,-1.2,0,3.3,1.2,69.1,7.3,-1.2,0
-0.6,3.4,0.1,4,1.3,73.3,1.7,-0.9,0
0.5,5.9,0,4.4,1.4,57.4,5.7,-0.9,0
-2.4,3.9,0,3.6,1.6,46.8,9.3,-1.6,0
0.7,10.3,0,2.6,0.9,59.9,7.6,-0.5,0
3.5,6.7,9.5,2.4,0.8,93.1,0,-0.1,0
3.4,5.1,0,2.2,0.7,89.1,0,0.3,0
1.8,7.8,0,6.9,2.1,63.8,4.2,1.6,0
-4.4,0,0,4.5,2.5,37.8,9.6,-0.8,0
-2.5,4.4,0,3.9,1.1,60.3,5.5,-0.4,0
0.3,6.8,0,3.1,0.5,65.1,3.9,0.6,0
2.3,10.9,0,3.6,0.9,61.3,9.2,1.6,0
3.5,12.6,0,4.3,1,58.4,7.6,1.7,0
3.2,8.4,0,4,1.6,65.5,2.9,1.6,0
0.8,8,0,3.5,1.1,52.3,8.9,1.2,0
2.9,11.7,0,2.7,0.8,42.9,9.6,2.5,0
4.3,12,0,3,0.9,49.1,4,1.3,0
2.5,6.8,0,6,2.4,45.8,4.5,2.6,0
0,6.7,0,3.3,1.1,43.4,9.3,0.9,0
2.6,5.4,0.3,3.8,1.3,66.1,0,1.9,0
0.9,3.9,1,5.1,2.3,69.5,4.1,2.3,0
-1.4,1.8,0.2,5.3,2.4,63.8,1.8,0.3,0
-0.4,5.8,0,4.4,1.8,52.5,9.9,1.1,0
2.2,9.9,0.5,5.2,1.2,56.1,8,2.2,0
7.4,16.3,0,5.5,1.5,60.4,7.6,6.3,0
6,15,0,4,1.3,54.1,8.8,4.9,0
5.4,13.8,0,5,1.6,52.9,8.5,3.8,0
5.4,13.2,0,2.3,0.9,53.9,7.7,4.8,0
9.2,16,0,5.2,1.4,50.3,1.5,7.2,0
9.9,17.4,0,5,1.7,60.4,8.2,8.4,0
8.1,11.3,0,4.6,2.2,58.3,0,7.6,0
-2.8,4.3,0,7.6,4,34,7.9,1,0
-3.7,2.2,0.5,4.3,1.9,59,3.5,-1.6,0
-0.1,6.9,0,5.9,2.5,47.3,9.9,2.2,0
5,12.3,0,4.7,1.5,53.1,8.3,4.4,0
3.7,6.6,5,2.8,1,83.6,0,3.7,0
7,14.4,0,2.6,0.8,68.4,5.9,7.9,0
7.7,14.8,0,5.4,1.7,63.6,3.3,7.7,0
4.5,11,0,5.8,2.2,37.6,10.2,5.1,0
4,10.6,0,3.6,1.1,47.3,5.4,3.8,0
8.8,17.2,0,2.7,1,36.6,9.6,8,0
10.3,18.5,0,5.6,1.8,43.8,5.1,9,0
7.4,13.9,0,5.5,3,45.5,8.3,10,0
5.2,13.6,0,3.9,1.3,44.5,10.1,7,0
9.3,17.5,0,6.2,2.6,41.3,7.7,8.9,0
8.4,13.7,0,4.2,2,31.3,9,10.3,0
7.7,14.3,0,5.1,1.8,32.3,8.5,8.8,0
2.9,6.5,1.5,6.1,2.8,56.4,0.6,4.9,0
3,8.3,5.5,5,2.2,51.9,6.2,3.5,0
4,10.2,0.5,5.7,2.2,54.1,10.2,5.1,0
6.1,15.3,0,3.6,1,46.5,9.4,6.9,0
8.6,12.3,6.5,2.7,0.9,70.3,0,7,0
7,12.1,1.5,4.6,1.9,88.5,0,6.5,0
9.1,19.1,0,3.4,0.9,71.5,6.3,10.3,0
10.2,13.5,1,2.4,0.8,75,0,9,0
11.3,19.4,0,5.5,1.5,55,7.4,11.1,0
9.1,13.9,0,2.6,1,59,0.3,8.5,0
11.7,17,1.5,5.2,2.3,64.3,2.9,11,0
10.7,16.8,0,4.3,2.4,43.6,2.4,10.5,0
15,21.4,0.1,5.6,2.6,48.9,3.4,13.9,0
13.9,17.7,18,5.7,2.2,73.5,0.1,13.1,0
13.3,17.6,4.5,6.3,2.6,71.6,0.6,11.9,0
16,24,0,3.5,1.5,64.4,8.9,15.8,0
8.2,13.3,0,4.4,2.2,65.3,0,8.9,0
11,19.3,0,3.6,1.4,39.8,9.8,12.6,0
9.3,14.8,0,3.5,1.1,36.5,1.6,8.2,0
7.6,13.8,0,5.7,3.4,38.5,11.1,10.6,0
10.4,18,0,5.1,1.6,39.1,3.1,10.7,0
16.9,23.2,0,6.1,2.4,40,7.1,16.1,0
10.5,17.6,38,6.7,3.5,77.4,0.2,10.3,0
5.7,7.8,4,6.4,3.2,68,0,5.1,0
10.4,19.1,0,5,1.9,55.5,11.4,11.1,0
12.1,20.4,0,3.5,1.3,46,7.2,13.6,0
9.1,18,3.5,7.9,2.1,66.8,5.8,9.1,0
9.9,17,0,6.7,2.7,52,9.3,10.7,0
11.6,19.4,0,4.8,1.9,39.8,11.1,12.9,0
11.8,18.9,0,4.8,1.5,51.6,1,12.4,0
12.3,19.5,0.4,4.7,1.6,64.8,5.7,15.2,0
13.3,20.8,0,4.1,1.5,47.8,8.8,14.7,0
14.6,21.1,0,4.3,1.8,48.8,7.1,16.2,0
17.5,24,0.5,4.9,1.9,67.5,0.9,16.5,0
-5.6,-0.9,0,3.7,1.8,53.4,8,-5.2,0
-5.7,0.7,0,3,1.2,53.3,8.8,-5.9,0
-1,5.6,0.2,4.3,1.6,69.4,1.3,-2.1,0
0.4,9.8,0,1.6,0.5,60.4,8.8,-2,0
1.4,9.6,0,2.7,0.6,65.6,7.5,-0.5,0
4.8,13.1,0,2.2,0.5,70.8,4.3,2.4,0
3.9,14.1,0,2.1,0.5,71.1,7.5,1.1,0
4.3,8,3,2.5,0.6,86,0.2,2.5,0
4.6,6.8,0.2,4.2,1.5,81.6,0.6,2.8,0
2.9,7.4,0.2,5.8,2.2,65.4,2.5,1.6,0
0.5,6.6,0,4.6,1.4,56.4,9,-0.2,0
0.9,8.6,0,2.6,0.6,61,8.1,0.3,0
1.4,5.8,19,3,0.7,76.5,0,-0.2,0
0.6,5.2,1.5,7.9,3.1,62.1,6.4,1.6,0
-0.6,5.6,0,5.3,2,34.9,9.4,-1.7,0
1.4,10.9,0,1.9,0.7,48.8,9.5,-0.6,0
3.2,9.7,0,2.2,0.5,64.3,0.4,1.3,0
4.7,14,0,4.7,0.9,56,9.3,2.6,0
2.8,11.4,0,2.8,0.7,61.6,8.1,2.1,0
4.1,13.6,0,2.8,0.6,57.9,9.3,2.2,0
4.1,13,0,3.9,0.8,61.4,7.7,2.7,0
6.3,14.8,0,3.8,1.1,59,1.7,3.6,0
5,10.4,0,4,2.1,45.9,9.6,3.1,0
2.6,9.5,0,2.8,0.8,47,3.7,2,0
6.1,11,0,4.3,1.5,56.8,2.8,4.4,0
6,14.5,0,2.7,0.9,55.3,9.6,3.1,0
5.7,14.2,0,3.5,1.1,58.9,3.6,3.6,0
6.1,15.6,0,3.1,1.2,49.9,9.6,3.3,0
7.6,19.1,0,4.3,0.8,43.5,4.8,5.2,0
7.7,8.7,19,3.1,0.9,80.5,0,6.2,0
10.4,14.7,1,1.5,0.3,88.1,0.1,9.8,0
12.6,15.3,19,6,3,78,1,10.9,0
-1.2,8.9,5,7.4,4.2,74.9,0,2,0
-4.5,0,0,5.6,3.4,43.4,9.9,-1.7,0
-3,1.4,1.3,4.9,2,56.3,6.9,-1.3,0
-0.5,4.9,1.2,4.7,1.3,69.1,5.3,2,0
3.3,10.3,0,4,0.9,65,7.1,3,0
1.5,9.9,2.5,6.4,2.3,58.6,2.9,1.4,0
-0.4,5.2,0,8.1,2.8,39,7.2,0.1,0
2.4,9.7,0,5.3,2.2,44.4,9.6,0.8,0
3.9,11.8,0,5,1.5,49.6,9.1,2.6,0
4.8,13.3,0,3.2,0.8,51.1,8.3,3.5,0
8,15.5,0,3.9,1.2,48,8.2,6.6,0
7.8,13.8,0,3.2,1.4,51.6,6.3,7.8,0
5.9,10.7,2,4.1,2.2,67,2.2,7.5,0
5.6,12.5,0,3.7,1.4,56.5,5.7,6.5,0
4.8,13.4,0,4,1.5,54,7.4,4.6,0
4.8,10.6,0,4,1.8,56.3,3.8,4.5,0
5.8,8.5,0.4,2.2,0.7,71.8,0,5.1,0
7.8,13.4,0,3,1,70.8,1.6,6.8,0
9.5,18.7,0.5,3.6,0.9,64.3,5.3,9.4,0
9.2,11.1,21,3.4,1.2,91.1,0,8.8,0
9.8,15.1,0,4.7,2.2,60.3,7.9,9.9,0
8.2,15,0.5,4.5,1.2,67,4.2,7.3,0
10.5,15.6,0,4.2,1.6,65.9,1.4,9.5,0
7.2,16.3,15,6.2,1.4,80.6,0,6.9,0
6.5,13.2,13.5,3.3,1.3,78.9,1.3,6.5,0
9.8,16.7,0.1,3.1,1.2,63,8.6,11.1,0
8.8,11.6,31,3.8,1.7,85.4,0,8.2,0
8.9,14,0,3.8,1.3,65.3,0.1,8.7,0
6.5,11.7,0,4.8,2.3,48.8,8.6,8,0
5.5,10.9,0.1,6.6,2.5,49.3,6.9,8.6,0
5.6,12.7,0,4.3,1.6,52.4,8.8,7.9,0
8.1,15.4,0,4,1.3,44.6,9.4,10.4,0
10.6,17.7,0,3.8,1.5,45,6,13.1,0
8.6,15.4,0,3.8,1.4,58,3.4,10.8,0
9.1,16.1,0,5.2,1.5,61.8,7.8,11.5,0
9.8,17.9,0,4.7,1.7,48.1,10.7,13,0
9,17.7,2,5.7,1.4,57.9,2.1,9.2,0
12.7,19.7,0,4.8,1.7,54.4,8.5,14.1,0
11.9,17.9,1,3.4,1.1,70.1,1.1,12.1,0
10,16,4,5.5,2.5,81.4,0,9.3,0
11.4,18.3,0,5.1,1.7,57.9,7.6,12.7,0
12.8,19.6,0,4.3,1.7,47.8,8.1,15.3,0
9.8,14.5,1,3.8,1.5,66.4,1.9,11.6,0
9.8,15.4,0.1,5.3,1.7,61.4,3.8,12.6,0
11.4,17.6,0,3.8,1.3,52.6,7.7,15,0
11.9,20,0,5.3,1.7,43.9,8.4,14.5,0
13,20,5,5.3,1.6,64.1,2.6,13,0
18.9,26,1.5,4.5,1.6,67.6,7.9,20.2,0
15.3,18.8,0.5,4.4,2.2,52.3,0,15.9,0
13.8,21.4,0,3.4,1.2,38,10.3,17.8,0
11.9,17.5,0,3.9,1.3,51,0.9,13.3,0
13.7,20,0,5.5,2.2,55.6,8.8,16.9,0
15,22.9,0,5.2,1.8,47.9,10.8,18.5,0
14.9,23.4,0,5.3,2.1,38.6,9.4,18.1,0
14.5,23.7,0,5,1.9,36.5,11.4,19.4,0
15.5,24.6,0,4.6,1.6,35.1,11.5,19.9,0
14.3,19.5,0.1,3.3,0.8,44.1,0.7,14.6,0
-4.9,2.2,0,3,0.8,54.9,8.2,-2.5,0
-3.3,4,0,1.8,0.7,52.4,8.1,-1.2,0
-2.7,3.5,0,3.5,0.9,60.8,4.6,-1.8,0
-3.6,2.6,0,4.3,1.7,60.9,7.9,-1.4,0
-4.3,1.9,0,2.7,1.1,52.4,5.6,-1.7,0
-3.6,2.2,0,3.4,1.3,51.4,8.6,-0.6,0
-5.2,0.9,0,3.9,1.1,56.5,8.7,-2,0
-5,1.1,0,3.2,0.8,57.8,4.9,-2.9,0
-3.4,1.4,0.1,3.5,1.2,60,6.2,-0.6,0
-3.1,4.3,0,2.3,0.8,56.8,7.1,-0.8,0
-2.2,4.1,0,3.6,1.3,54.5,4.2,0.2,0
-5.5,-1.1,0,4.4,2.3,25.4,8.8,-1.4,0
-7.2,-0.6,0,3.9,1.5,40.1,9.3,-2.7,0
-3.9,3,0,3.7,1.4,43.6,9.3,-1.5,0
-2.8,2.2,0,4.5,2.1,38.4,9.3,0.2,0
-4.7,0.9,0,5.8,1.9,42.1,9.5,-1.4,0.1
-3.7,3.1,0,3.6,1.2,43.6,9.5,-0.3,0
-3.3,4.7,0,3.3,0.8,43.8,9.2,0.1,0
-1,5.7,0,3.6,1.2,53.9,8.7,0.2,0
2.6,8.5,0,5.1,1.8,51.9,9,3.6,0
0.7,9.2,0,2.9,0.7,48.8,8.4,1.9,0
5.2,11.9,2,6.4,1.6,52.3,6.2,3.9,0
-1.8,4,0,5.2,2.7,46.6,5.7,1.4,0
-2.5,4.7,0,2.6,0.8,52.8,9.6,1.5,0
-1.6,5.3,3.3,3.4,0.8,77.3,2,-1,0
-0.6,1.9,5.1,3.9,1.7,72.8,2,0,0
-0.5,7,0,4.6,1.5,58.9,7,1.6,0
0.7,8,0,2.9,1.1,66.3,9.2,2.4,0
3.2,10.5,0,4.2,1.6,66.3,1.7,2.3,0
2.4,8.8,0,4.1,1.5,51.8,9.7,3.7,0
1.1,5,0,2.3,0.6,68.4,0,0.6,0
2.1,8.2,0,3.6,1,71.3,3,1.7,0
0.7,3.7,3.4,2.2,0.9,87.3,0.6,1.3,0
2.2,8,0,4.1,1.3,61.5,7.3,4,0
0.7,4.8,1,3,0.8,84.8,1.3,0,0
3.4,9.5,0,2.8,1,65.5,7.9,4.9,0
3.5,11.6,0,3,0.9,56.6,9.9,6.1,0
5.4,12.9,0,3.4,1.3,51.3,9.5,6.2,0
5.2,11.7,0,2.7,0.9,63.6,5.6,6.6,0
7.2,15.4,0,2.1,0.8,68.6,3.7,8.3,0
9.6,19.4,0,3.8,1,60.3,9.2,9.5,0
9,13.7,2,3.1,0.9,70.6,0,7.6,0
8.4,14.3,1.5,3.3,1.2,63.3,9,12,0
7.9,15.7,0,4.1,1.7,53.6,8.4,9.6,0
8.4,14.5,0,4,1.8,47.3,9.9,11.6,0
7.7,17.3,0,2.3,0.9,43,9.6,10,0
10.6,20.2,0,3.1,0.9,42.8,8.5,10.4,0
8.6,16.2,0,7.8,2.3,49.1,5.3,11.1,0
8.5,18.5,0,2.9,1.1,36,10,11.4,0
10.3,21,0,3.1,1,34.9,9.1,11.1,0
11.5,19.7,6,4.3,1.3,44.1,4.3,11.6,0
8.2,10,36.5,4.1,1.7,92.1,0,8.7,0
7.7,14.4,5,5.6,2.4,67.6,5,8.6,0
4.3,8.3,0,4.9,2.2,70.1,0.4,5.2,0
5.7,10.7,0.5,5.2,2.1,62.4,3.9,6.8,0
7.2,11.7,0,4.8,2.2,55.4,4.5,8.9,0
6.3,12.5,0,3.1,1.1,61.1,8.1,8.9,0
6,7.9,7,3,1.2,82.8,0,7.2,0
6.7,10.2,2,3,1.2,80.8,0.1,8.3,0
5.9,11.2,3.5,3.7,1.2,79.9,1.4,8.8,0
7,15.4,0,4.4,1.6,67.4,5.9,9.6,0
7,10.6,2.5,4.3,1.7,72.5,0.2,7.1,0
8.3,15.6,0,5.5,1.8,51.3,10.2,10.5,0
9.1,17.8,0,4.5,1.6,43.6,10.3,10.6,0
12.1,20.7,0,3.9,1.2,46.5,9.2,12.6,0.18
14.1,23.5,0.4,4.7,1.4,45.3,7.8,14.4,0
12.8,20,0.5,3.4,1.4,60.6,5.7,14.4,0
15.2,24.7,0,2.5,1.1,40.8,10.3,16.7,0
12,16.1,10,6.2,2.7,55,0,9.8,0
13.2,18.9,4,6.1,3.2,53.9,6.5,13.7,0
13.5,22.4,0,3.8,1.5,52.1,7.4,14.1,0
12.1,17.5,0,4.3,2,60.6,2.5,13,0
10.6,14.6,0.5,4,1.1,82.4,0.1,12.7,0
13.3,21.8,0,2.8,1,61.4,8.5,15.9,0
15.5,24.3,0,3.1,1,45,9.3,17,0
17.7,25.9,0,4.2,1.2,43.4,8.1,17.4,0
15.7,21,0,6,2,55,6,17.7,0
17.1,26.9,0,4,1.2,47.6,10.8,19.6,0
18.4,28.1,0,4.4,1.4,36.9,10.8,19.9,0
18.4,27.4,0,4.3,1.8,31.8,8.5,20.5,0
18.9,25.2,0,3.9,1.5,26.8,0.8,19.2,0
17.2,22.5,2.5,2.9,1.2,45.1,0,17.3,0
11,14.1,5,4.4,2.1,78.5,0.7,12.9,0
9.6,16.1,0,4.2,2.2,44.5,9,13.9,0
11.6,19.7,6,5.1,1.7,60.8,3,12.4,0
9.5,13.8,10,5.5,2.4,78.5,0.4,11.8,0
7.8,11.9,1.5,2.8,0.8,81.1,2.9,9.9,0
11.3,20.4,0,3.2,1.1,61.3,8.9,15.1,0
14.6,22.3,0,2.9,0.9,68.4,7,16.8,0
17.5,26.2,0,3.6,1.2,65.5,6,19,0
2.2,10.2,0,2.6,0.6,64.5,8.4,1.8,0
3.3,9.6,0,2.1,0.6,73.4,0.2,1,0
5.4,11.9,0,3,0.7,70,5.3,2.8,0
4.4,10.6,0,3.8,1,54.4,8.3,3.3,0
3.7,5.6,0,2.4,0.8,63.1,0,1.4,0
1.6,8.1,0,2.9,0.8,75.9,1.9,2.5,0
0.9,4.4,0,1.9,0.5,81.9,0,0.3,0
2.8,9,0,2.3,0.8,70,5.5,3.3,0
3.9,9.1,0,4,1.4,54.5,3.5,2.7,0
3.4,6.5,0,3.1,1.2,69.4,0.2,2.3,0
3.7,8.8,0.2,2.4,0.8,77.5,0,2.4,0
5.5,12.4,0.1,6,1.3,59.8,1.9,3.3,0
12.3,17.9,25,6.6,2.8,78.8,0,8.3,0
4.4,8.3,0,3.6,1.4,78.3,0.7,5.4,0
-0.2,2.6,0,4.7,1.9,57.1,0.4,2,0
-4.9,-0.6,0,6,2.3,28,9.5,0.8,0
-4.8,1.4,0,3.3,1.3,43.1,9.6,0.6,0
-2.4,2.8,0,3.2,1.2,49,6.2,1.2,0
0.4,5.4,1.6,2.9,1,60.6,0,0.7,0
-1.1,2,0.9,7.2,2.6,61.1,4.5,1.9,0
-3.1,3.6,0,4,1.2,55.5,9.5,1.7,0
1.5,7.6,0,2.4,0.7,65.6,0.5,1.5,0
5.6,13.4,0,4.7,1.1,64.1,7,5.3,0
6.7,11.9,0,4.1,1,67.6,0.3,5.3,0
5,10.5,0,3.9,1.4,55.9,4.5,5.5,0
2.7,9.1,0,2.5,0.9,42.9,7.2,4.5,0
3.9,11.2,0,2.7,1,38.9,8.9,5.2,0
4,11.9,0,3.5,1.1,43.1,9.4,5.3,0
3.2,11.7,0,5.2,1.5,42.1,9.7,4.7,0
3.9,10.2,0,2.9,1.2,46,6.9,5,0
3.1,5.4,2,3.6,1.6,80.9,0,4.9,0
3.9,10.2,0,2.9,1.2,67.8,6.9,7.2,0
5.1,10.8,4.5,3.7,1,75.9,0.3,4.6,0
3.2,8.1,0.5,6.4,2.8,51.6,6.6,6.4,0
1.7,8.7,0,3.6,1.3,43,9.8,4.6,0
4.8,13.4,0,3.8,1.1,43.8,8.6,6,0
5.8,13.9,0,3.7,1.2,55.4,8.4,7,0
4.6,11.5,0,4.1,1.6,43.3,9.9,6.7,0
3.5,11.2,0,3,1,38.9,7.2,6.2,0
7.2,15.5,2.5,4.3,1.6,39.1,4.9,6.5,0
3.7,6.6,12,5.3,2.3,74.8,0,4.8,0
-0.1,5,0,4.8,2.7,35.8,9.9,4.1,0
4.7,10.9,0,4.5,1.7,52.8,6.2,4.9,0
11,17.1,0,4.3,2.2,57.6,5.6,9.8,0
11.8,22.2,0,4.9,1.6,49.3,9,10.4,0
18.7,23.4,0,5.4,2.3,58.8,3.1,14.9,0
17.7,22,0,4.9,1.8,64.8,0.4,14.6,0
11.9,20,0,4.2,1.7,45.9,10,14.5,0
14.4,24.3,3.5,4.5,1.8,45.3,8.2,14.5,0.2
10.8,14.3,15.5,3.8,2,80.3,1.2,11.1,0
5.5,11.1,0,4,1.7,55.4,3.4,8.5,0
1.9,8.9,1,4.3,1.4,56.1,4.8,5.6,0
2.5,7.4,0,5.1,2.4,46.9,9.5,6.6,0
2.4,4.4,9,3.4,1.6,74,0,3.5,0
3.1,9.1,0,3.6,1.7,49.4,10.3,6.5,0
4.8,11.4,0,3.3,1.4,41.6,9.6,8.6,0
5.5,12.5,0,4,1.3,50.8,9.1,9.1,0
6.7,11.7,2.5,4.5,2,62.1,1.4,8.5,0
5.5,10.5,4.5,4.2,1.6,64.3,3.3,9.2,0
4.9,10.3,0,3.5,1.2,60,6.1,8.7,0
7.4,15.3,0,3.9,1.6,49.6,10.1,10.5,0
8.5,15.3,0,4.2,1.4,43.3,3.6,10.7,0
8.5,13.2,0,4.5,1.7,56.9,2.5,10.3,0
9.4,16.8,0,3.6,1.4,55.9,9.9,12.1,0
11,19.3,0,4.5,1.5,44.1,10.3,13,0
13.4,22.5,0,3.4,1.2,38.6,10.3,14.7,0
15.4,25.2,0,3.2,1,37.4,10.4,16.2,0
16.7,26.5,0,3.5,1.1,37,10.3,17.2,0
16.8,26.4,0,4.4,1.2,37.8,10.3,17.4,0.2
17.4,27.1,0,3.7,1,34,9.5,18.2,0
16.4,23.6,0,4.1,1.4,35,7.2,17.2,0
15.7,22,0,3.5,1.3,46.1,2.7,16.2,0
13.6,20.5,3,4.3,1.5,52.1,4.2,16.2,0
9,14,5,4.1,1.1,79.1,1,10.9,0
11.3,17,0,4.2,1.5,62.9,5.3,14.7,0
12.6,20,0,4,1.4,50.4,10.8,16.2,0
15,24.2,0,3.5,1.1,39,10.7,17.4,0
19,29.9,0,4,1.1,36.4,8.2,18.6,0
15.5,18,16,4.9,2.1,69.9,0,14.6,0
10,15.6,3.5,5,3.4,76.1,0,11.4,0
10.6,15.2,0,4.9,2.8,58.4,5.1,12.1,0
12.2,19.5,0,4.2,1.2,58,7.8,15.1,0
12.9,18,6,4.5,2.5,66.9,0.1,13.8,0
8.9,11.4,3.5,4.6,1.8,86.5,0.2,11.6,0
8.8,13.7,0.5,3.7,1.1,68.8,2.3,12.1,0
9.2,17.6,0,5.3,1.2,72.5,4.5,14,0
10.9,21,0.5,5.5,1.2,67.9,7.2,14.6,0
14.1,23.8,0,3.2,1,49,11.2,17,0
14.9,22.5,0,3.8,1,42.5,8.1,16.2,0
1.1,6.4,0,2.7,0.9,75.4,1,1.6,0
-3.6,0.2,0,4.5,2,33.4,8.5,-0.3,0
-7.1,-2.3,0,4,1.8,34.8,8.7,-3.2,0
-4.4,0.8,0,4.6,1.5,51.5,8,-2,0
-3.6,1.1,0,3.9,1.6,30.9,8.8,-1.5,0
-4.9,2.8,0,2.1,0.8,45.3,8.9,-1.7,0
-0.8,7.5,0,3.3,0.7,40.1,6.5,-0.9,0.06
3,5.9,0.5,1.5,0.5,61.4,0,1.5,0
3.7,4.9,16.5,1.8,0.6,93.1,0,1.4,0
3.5,4.5,12.5,2.5,0.9,90.9,0,1.5,0
1.9,4.3,6.2,4,1.9,73.8,0,0.6,0
0.6,4.1,2.1,2.2,1.2,75.6,2.2,1.8,0
-1.5,1.6,3.6,3.6,1.4,70.1,4.3,2.1,0
-2.6,1.1,0,2.2,0.8,68.4,0,0.3,0
-2.6,2.8,0,2.7,1,60.5,4.6,0.5,0
-2.7,2.2,0,3,1.2,53,7.6,1.8,0
-3.1,0.9,0,3.4,0.9,53,2.8,-0.1,0
-2.2,1.5,2,4.6,1.9,58,5.6,1.6,0
-2.1,4.2,0.1,3.7,1.3,58.1,6.5,1,0
1.6,8.6,0,2.6,0.8,55.3,8.6,3.1,0
3,10.6,0,4.5,1,62.1,8.7,2.8,0
2.8,10.1,0,1.7,0.5,78.9,2.1,2.4,0
5.1,16.6,0,2.8,0.7,59.6,7.9,4.9,0
10,20,0,3.9,0.8,50.5,7.5,6.6,0
14.4,16.8,18,4.8,1.5,83.6,0,8.6,0
11.2,16,0.5,4.4,1.4,76.8,2.9,9.7,0
7,12.8,0.1,4.4,1.8,68.5,5.5,7.2,0
6.4,10.7,0,2.8,0.9,73.5,0.6,6.5,0
3.5,6.1,12,4.3,2.2,80.4,0,3.8,0
3.1,5.9,0,3,1.2,79.1,0,3.9,0
4.2,11.4,0,4.2,1.4,63.4,6,6.4,0
5.5,7.6,1,3.9,1.5,73.5,0,5.2,0
6.2,9,2.5,3.1,0.9,82.1,0,6.6,0
6.1,10.2,0,3.3,1.3,67.6,0.6,6.4,0
4.5,8.2,0,4.1,1.4,51.5,1.6,6.4,0
2.5,6.9,0,3.9,1.4,55.1,1.4,4.6,0
2.4,6.8,1.2,2.6,1.2,74.5,2.4,5.4,0
-0.9,1.8,7.1,3.3,1.2,78.6,0.7,2.4,0
2.1,6.3,0,3.9,1.5,60.8,6.7,6.6,0
7.6,13,0,5.5,2.5,58.5,3.8,5.9,0
3.7,10.7,0,3.5,1.3,35.9,9.9,7.7,0
7.8,15.6,0.5,5.7,2.3,49.9,4.2,5.4,0
10.2,13.2,12,5.1,2.3,77.5,0,8.6,0
1.9,6,0,6.3,3.2,38,9,4.7,0
0.3,4.8,2.9,3.4,1.3,58.6,3.9,2.5,0
1.2,6,1.8,3.6,1.7,63.1,7,6.4,0
3.9,11.7,0,3,1.1,53.9,7.7,6.1,0
8.7,18.8,2.5,6.6,2.5,64.4,1,7.8,0
3.4,8.4,0.1,5.7,3.1,41.6,9.1,5.8,0
1.4,5.5,13.6,2,0.7,79.6,0,1.5,0
5.3,11.1,0,2.6,0.8,75.8,4.3,8,0
7.8,14.2,0,3,1,56.4,8.4,9.8,0
3.9,7.2,3,3.7,1.6,71.8,0,6,0
2.4,6.8,0,5.3,2.4,40.3,7.5,5.2,0
5.4,6.7,2.5,3.3,1.5,75,0,4.9,0
6.3,11.2,0,3.9,1.9,46.8,9.5,10.1,0
6,13.6,0,3.1,1.3,46.6,10.4,9.5,0
8.1,14.8,0,3.4,1.1,49.4,5.4,11,0
8,9.3,15.5,3.8,1.1,83.4,0,8.3,0
8.2,10.5,9,3.7,1.1,86.1,0,8.9,0
6.2,12.1,0,6.5,2.4,48.8,10.2,9.5,0
5.6,12,0,3.8,1.7,30.8,10.6,9.8,0
8.1,17.6,0,4.7,1.2,39.3,9.1,10.3,0
11.2,19.1,0,3.6,1.1,47.8,8.5,13.2,0
9.9,13.7,0,4.2,2.2,56.8,2.6,12,0
7.3,14,0,3.3,1.2,45.9,10,13.3,0
9.8,18.7,0,4,1.3,42.5,10.4,13.8,0
11.7,19.3,0,4.1,1.2,42.4,10.3,15,0
10.5,14.5,0,2.9,1,61.1,0,10,0
14.2,20,0,4.4,1.9,44.6,5.1,14.4,0
14,18.2,3.5,3.6,1.6,48.4,1,15.6,0
5.9,11.2,3,6.8,3.8,50.6,5,11.6,0
4.5,8.6,0,4,2.3,29.6,5.1,6.4,0
7,13.7,0,3.5,1.2,31.3,10,12.4,0
8.2,15.4,0,4.2,1.4,36.5,10,12.6,0
8,15.3,0,4.5,1.4,44.8,9.3,13,0
12,18.5,0,3.7,1.3,43,0,12,0
16.7,21.6,0,4.2,1.9,44.5,0.1,15.1,0
17.7,25.3,0,3.4,1.2,57,6.2,20.6,0
14.6,20,8.5,4.5,1.9,58.3,1.5,16,0
10.5,12.9,3,3.7,1.7,64,0,12.1,0
8.5,13.5,4,4.2,1.5,74.5,2.2,12.3,0
9.9,17.3,0,3.5,1.3,57.3,7.3,13.1,0
12.9,21.2,0,3.5,1,39.3,10.2,15.7,0
13,20.5,10,4.8,1.7,56.4,0,13.3,0
9.2,13.5,11.5,6.5,2.8,70.8,2.1,11,0
5.5,9.2,4.5,5.4,2.2,71.9,0.1,6.6,0
9.4,14.8,1.5,5.9,3.3,53.5,6.2,10.7,0
10.4,15.7,0,5,2.3,52.3,2,11.6,0
-1.7,4.7,0,2.4,0.7,63.9,7,-1.3,0
-0.5,6.7,0,3.2,0.6,57.8,8.4,-1.4,0
-0.4,6.2,0,3.6,0.7,63.5,5.7,-1,0
0.1,4.1,0,3.5,0.7,68.6,1.8,-0.6,0
0.5,6.4,0,2.3,0.7,65.6,6,0.2,0
-0.7,3.7,0,2.2,0.7,73.3,1.5,-0.6,0
-1.7,2.1,0,1.5,0.6,82.6,0,-0.8,0
2,9.1,0,3.1,0.8,55.6,6.4,0.9,0
-0.1,4.5,0,4.1,1.7,51.3,7.6,0,0
-1.9,3.8,0,2.9,0.7,51.4,0.9,-0.5,0
-1,4.5,0,4.1,1.5,47.6,8.6,0.2,0
-4.2,0.5,0,4.1,2.1,42,8.4,-1.5,0.3
-5,1,0,3.5,1,48.6,7.5,-2.5,0
-3.5,-1.4,0.1,1.8,0.7,67.4,0,-1.4,0
-1.7,4.4,0,3,1.2,65.3,5.8,0.3,0
-0.5,6.2,0,1.6,0.6,50.1,6.9,-0.4,0
0.4,3,1.1,2.5,0.7,78.3,0,0.5,0
0.1,7.8,0.2,3.1,0.8,63.8,6.4,1.2,0
0.8,8.6,0,3.2,0.8,49.3,8.5,1.2,0
3.5,13.2,0,3.5,1.2,47.8,9.9,2.2,0
4.1,12.7,0,3,0.8,48.8,9.9,3.1,0
4.4,14.3,0,3.8,0.9,48.1,10,3.1,0
4.8,14.1,0,3.3,0.8,50,9.8,3.5,0
5.9,13.2,0,4.8,1.4,55.6,8.5,4.1,0
4.7,10.4,0,4.1,1.9,45,8.6,4.2,0
5.3,14,0,4.3,1.3,39.4,9.2,3.4,0.03
4.2,6.9,41,5.2,2,83,0,3.1,0
4.3,7.7,0,5.3,2.1,70.3,0.2,3.8,0
1.9,3.5,4.5,3.9,1.8,81.9,0.2,2.5,0
-1.1,3,0,6.1,2.6,41.9,9.3,1.7,0
-1.6,3.7,0,4.6,1.9,42.5,10.4,1.2,0
0.1,6.4,0,3.7,1.7,46.8,10.5,2,0
1,7.1,0,3.3,1.1,61.3,6.8,2.7,0
3.5,9.2,0,3.9,1.4,59,4.9,4,0
2.6,7.6,0,5.7,2.9,51.6,8.1,3.9,0
1.6,8,0,7.3,2.5,44.8,7.8,2.5,0
0.7,6.7,0,6.6,3,40.8,9,2.9,0
1.4,6.8,0,5.5,2.3,52.9,7.2,2.3,0
3.6,11.1,0,6.2,1.7,46.4,10.3,4,0
5.7,14.9,0,5,1.4,36.9,9.8,4.5,0
8.9,17,0,3.2,1.1,48.6,6.6,7.5,0
9.3,12.8,0,4.4,1.8,73.5,0,7.5,0
2.9,8.7,0,6.9,3.6,44.5,6.6,5.6,0
0.2,5.2,0,6.6,3.1,29.9,10.6,3.2,0
1.6,8.4,0,4.4,2.1,37,11,3.9,0
4.6,13.3,0,4.3,1.3,36.3,9,4.8,0
10.6,15.7,0,4.2,2.1,39.5,7.1,10.5,0
4.6,8.7,17.5,2.8,1.1,79.6,0.1,5.9,0
8.1,14.8,0,5.1,1.9,54.5,6,9,0
3.6,9,0,6,2.8,30.5,10.1,5.5,0
2.3,8.6,0,5.2,2.3,30.9,11.1,4.7,0
3.7,9.2,14.8,5.9,2,57.5,3.8,4.6,0
2.2,6.1,1.2,4.7,2.1,56.5,8.4,4.7,0
3.1,9.3,0,4.9,2,48,10.9,5.1,0
4.9,10.6,0,5.2,1.8,47.4,7,5.6,0
5.6,11,0.5,4.7,1.9,61.6,4.4,7.4,0
3.8,8.5,0,3.7,1.5,66.5,2.6,5.1,0
7,15.6,0,4.9,1.7,52.8,10.9,7.9,0
9.7,18.7,0,4.4,1.4,45.5,10.3,10.8,0
10.3,18.4,0,4.8,1.8,34.1,10.5,11.6,0
8.7,14.2,0,3.6,1.2,42,0,9.6,0
9.7,16.4,0,3.4,1.3,42.9,11.3,13.1,0
10.5,17.7,0,3.5,1.4,41.5,10.6,13.7,0
10.7,19.5,0,4.3,1.4,35.8,11.5,13.8,0
11.3,19.8,0,4.5,1.7,33.1,7.5,13.2,0
9.7,11.5,27,3.3,1,90.6,0,10.6,0
12.4,18.7,0.5,4.7,1.8,57.5,7.8,14.8,0
11,18.4,0,5.1,1.8,41.3,10.1,13.2,0
10.7,17.8,1,6,1.7,54.6,0.6,10,0
11,16,0,5.7,2.4,43.3,10.4,14.9,0
10,18.9,0,5.6,1.9,32,12.1,13.7,0
11.4,20.3,0,4.8,1.7,35,11.4,15,0
13.1,21.5,0,4,1.5,36.5,11,17.3,0
15.4,23.7,0.1,6.3,2.4,60,5.6,17.4,0
13.1,20.3,0,3.7,1.7,42.5,11.1,19.2,0
13.8,21.9,0,4.9,2.4,40.3,11.8,19.9,0
7.5,11.2,1,4.5,2.1,69.6,0.1,9.2,0
9.4,15.6,0,4.8,1.6,50,9.3,15,0
11.5,19,0,4.9,1.9,45.8,11,17.2,0
13.3,19.9,0,4.4,1.3,38,5.3,17,0
9.5,13.4,26,3.5,1.6,84.1,0,10.7,0
9.6,15.2,0,6.8,3.1,56.5,5.6,11.9,0
9.9,16.3,0,6.8,3.1,51.9,7.6,14.7,0
12.5,18.9,0,6.6,3.3,47.9,5.1,15.9,0
9.6,11.4,10.5,3.3,1.2,89.8,0,10.2,0
11.2,14,3,4.1,1.5,82.9,0.2,12.4,0
9.1,14.9,0.5,5.2,1.8,65.8,1.3,11,0
12.6,19.6,0.5,4.5,1.8,48.6,3,12.4,0
14.8,19.4,93,6.2,2.2,89.5,0,13.9,0
-11,-4.9,0,4.5,2.3,50,9.3,-1.7,0
-14.4,-8.9,0,3,1.2,52.4,9.4,-3.7,0
-11.5,-4.9,0,4,1.2,54.3,9.2,-4.1,0
-4.2,2,0.1,4.2,1.3,52.4,8.1,-2.7,0
-2.3,4.7,0,2.2,0.9,43.5,7.9,-2.1,0
-0.6,6.4,0,3.4,0.9,52,2.1,-1.1,0
-6.2,1.9,0,6,3.4,39.6,9.4,-2.5,0
-8.6,-3.4,0,5.8,2,42.5,9.2,-6.1,0
-4.9,0,0,4.7,1.6,55,8.2,-3.6,0
-3.9,2.1,0,5.1,1.6,55.6,6,-2.6,0
-4.5,1.5,0,4.1,1.6,39.1,9.6,-3.2,0
-1.3,4.9,0,2.5,0.9,47.1,8.9,-0.5,0
1.4,7.5,0,2.7,0.8,47.8,3.4,1.5,0
2.2,9.6,0,3.1,1.1,51.1,7.3,1.9,0
0.8,6.1,0,4.1,1.6,41.3,6.2,1.3,0
-2,3.8,0,6.8,2.5,30.8,9.1,-0.7,0.1
-5.6,-1.9,0,6.6,2.6,30.9,8.5,-3,0
-7.1,-1.1,0,4.3,2,39.9,9.9,-3.8,0
-5.5,1.2,0,3.7,1.4,41.1,9.9,-2.8,0
-2.9,5.2,0,3.7,1.2,45.9,9.2,-1.6,0
0.2,6.9,0,2.2,0.7,51,3.2,-0.6,0
2.9,12.4,0,4.1,1.3,53.4,8.6,2.2,0
5.1,11.4,0,4.6,1.7,54,5.7,4.4,0
4,9.8,0,4.4,1.8,58,4.8,2.4,0
1.4,5.1,2,3.7,1.6,72.5,0.1,1.9,0
-1,3.8,0,3.2,1.5,47.1,4.2,1.3,0
-1.9,5.3,0,2.6,1.1,43.8,10.4,1.1,0
0.4,7.6,0,2.5,1,45.8,2.1,0.7,0
3.9,12.4,0,3,1,42.8,9.4,3,0
7.8,15.3,0,3.5,1.1,29.6,8.3,4.4,0
5.8,7.7,0.5,3.8,1.7,58.8,0.2,2.8,0
5.5,11,0,3.6,1.8,54.1,3.4,5.1,0
5.2,9.4,0,4.4,2.1,52,1.4,2.9,0
4.7,7.1,3,3.8,1.7,73.1,0,3.9,0
3.3,5,6.5,6.3,2.6,79.4,0,3.1,0
3.7,9,0,3.3,1.8,60,5.5,4.9,0
1.8,7.5,0,3.6,1.3,55.9,2.9,2.1,0
3.1,9.7,0,3.1,1.2,53.4,3.6,4.2,0
4.3,9.5,0,4.1,1.9,50.5,3.4,5.5,0
-1,2.5,0,6.8,4,36.6,9.9,2.6,0
-1.6,4.5,0,5.5,2.5,37.3,10.9,2.3,0
1,6.8,0,4.4,1.6,46.6,10.3,3,0
3.2,7.5,0,4.9,1.9,62.4,1.3,1.9,0
5,12,0,2.9,1.3,48.5,8.4,5.9,0
6.8,12.5,4.5,4.7,2,55.1,0.1,6.6,0
9.4,13.8,6,3.1,1,83,1.8,9.2,0
8.2,14.8,0,6.1,2.1,69.4,3.3,9.6,0
3.3,8.7,0,4.1,1.9,46.9,8.6,5.3,0
2.4,9.4,0,5.3,2.1,41.6,10.9,4.5,0
3.8,11.6,0,4.2,1.7,37.5,10.9,4.8,0
8.2,12.3,0.1,2.4,1.1,36,1.6,7.7,0
4.6,9.3,19.3,3.6,1.6,86.5,0,5.9,0
2.7,7.6,3,7.3,3.4,61.5,3.5,4.4,0
3,7.7,0,6.7,3.4,39.6,5.6,4,0
3.2,10,0,5,2.2,38.5,11.4,4.7,0
6.2,13.9,0,5.3,1.9,44.5,7.7,5.8,0
9.5,16,0,3.3,1.1,49.9,7.2,9.9,0
11,18.6,0,4.3,1.7,45.5,6.6,8.8,0
11,14.8,8,4.5,2.3,76,0,10.3,0
6.1,10.5,0,6.7,3.4,33.4,7.6,6.7,0
4.6,10.7,0,4.5,2.1,29.1,10.9,6.2,0
8.2,16.7,21.5,5.9,1.7,57.5,2,7.5,0
4.7,9.2,48.5,6,2.7,70.9,0.1,5.4,0
7.3,15.1,0,7.5,3.1,57.1,9.2,7.7,0
6.4,12.4,0,8.4,3.2,41.5,7.5,6.5,0
5,10.5,0,9.1,3.3,37.4,8.7,6.5,0
6,13.6,0,4.7,2.1,33.8,11.8,7.7,0
11.5,20.8,0,6.2,2.3,39.9,10.7,10.9,0
16.3,23.1,0,3.8,1.5,44.5,7.8,16.5,0
13.1,19.4,2.5,4.4,1.4,62.4,0,11.5,0
12.3,16.4,2,4.5,2,83.8,0.5,13.7,0
9.3,15.2,0,5.2,2,48,6.7,10,0
10.6,17.2,0,3.9,1.4,43.6,0.8,11.7,0
12.2,20.6,0,3.8,1.4,54.9,11,13.5,0
15.3,23.8,0,3.9,1.4,43.5,9.9,15.4,0
13.3,20.8,0,5,2,48,11.1,14.7,0
13.5,20.7,0,4.2,1.4,46.9,11.4,14.6,0
14.5,22,0,2.7,1.2,42.1,7.6,13.6,0
16.9,24.1,0,5.2,2,37.8,7,17.3,0
17.7,23.4,0,5.8,2.4,37.4,5.3,17.6,0
12.9,14.7,26.5,5.6,2.5,67.5,0,11.6,0
11.5,16.5,1.5,5.2,2.8,82.1,0,11.8,0
12.7,16.6,0.1,2.4,1.1,80.8,0,12.4,0
18.3,28.6,0,2.5,0.9,60.3,7.9,17.4,0
15.3,22.6,21.5,5.9,2.2,68.3,0,13.5,0
12.1,17.7,1,7.2,3.6,52.1,9.4,14.4,0
14.8,24.3,0,5,2.1,37.5,12.2,14.3,0
17.6,25.6,0,4.1,1.5,42.4,10.7,16.7,0
18.2,25.7,0,3.1,1.1,49.1,6,17.3,0
20.9,28.1,0,6,2.8,41.6,12.5,19.8,0
8.7,10.5,27.5,6.5,2.6,81.1,0.1,2.3,0
0.7,6.7,0,4.3,2.5,60.6,6,1.1,0
-2.7,-0.3,2.2,3.9,1.1,67.9,0,-0.4,0
0,3.9,5.3,4.1,1.2,77.9,4.5,-0.1,0
-1.3,3.3,1.5,2.7,0.8,82.5,0,-0.4,0
-0.6,0.8,2.8,3.5,1.6,80.6,0.5,-0.1,0
-9,-2.4,0.1,5.4,3.6,41,9.6,-0.5,0
-11.7,-5.6,0,3.7,1.3,46.8,9.6,-2.8,0
-9.4,-3,0,2.8,1.1,56.4,9.7,-3.8,0
-4.5,1,0.1,4.7,1.8,56.9,7.5,-2,0
-6.1,-0.1,0,2.6,1,46.9,9.8,-2.9,0
-3.9,0.3,0,5.2,1.3,53.6,0.5,-1.9,0
-3.5,2.6,0,3.5,1,60.9,9.3,-2.2,0
-0.6,6.6,0,2.8,1,54,8.9,-1,0
-0.7,4,0,5.7,2,44.8,9.5,-0.5,0
-3.9,2.3,0,2.5,1.1,44.4,10,-1.3,0
1.8,7.4,0,4,1.1,43.4,6.1,0,0
2.8,7.5,0,4,1.7,47.8,4.1,0.9,0
-1.4,3.6,0,4.6,2.2,33.3,8.5,0.8,0
-3.9,1.7,0,4.2,2,28.1,9.9,-0.2,0
-2.1,3.1,0,5.5,1.8,40.3,9.9,0,0
-0.7,5.9,2.3,5.5,2,51.5,5.7,0.2,0
-1.2,3.4,0,5.8,2.2,44.1,9.1,0,0
0.3,6.5,0,4.4,1.4,49.3,9.3,0.7,0
1.3,7.9,0,2.3,0.8,46,5.4,1,0
3.3,8.3,0,2.1,0.7,50.9,0.5,0.7,0
4.7,12.5,0,4.5,1.3,59.3,7.8,2.2,0
5.6,15.1,0,2.6,0.8,50.3,7.5,2.2,0
2.6,8.2,7,6.1,2.8,58,7.9,3.2,0
-0.7,4.8,0,4.4,1.6,45.6,9.4,1.1,0
0.2,5.6,0,4.1,1.6,48.6,9.6,1.9,0
1.2,7.2,0,3.8,1.1,57.4,4.7,1.3,0
2.6,10.5,0,4.6,1.4,54.5,9.4,2.5,0
5.3,15,0,2.3,0.8,50.3,6.9,2.6,0
6.9,12.1,1,4.1,1.3,79.8,0,1.5,0
7.6,16.6,0,4.8,1.6,77.8,6.4,5,0
13.3,24.5,0,7.1,2.5,58.5,9.2,6.8,0
4.4,12.1,0,5.1,3,44,11,6.6,0
3.5,13.3,0,3.8,1.2,52,11,4.4,0
6.7,14.3,0.5,2.6,1,62,6.2,4.2,0
7.3,12.4,21,4.6,1.9,77.5,2.4,8.2,0
5.2,10.1,0,3.9,2,57.1,9.1,7.4,0
4.9,12,0,3.5,1.4,58.5,10.1,6.4,0
6.1,14,0,3.6,1.1,52.5,10.2,6.9,0
8.2,18.4,6,4.5,1.7,60,8,7.5,0
9.2,15.6,9,5.8,2,79.1,6.6,10.8,0
9.6,14.1,0,3.6,1.3,63.1,5.8,9.4,0
4.6,10.5,3,6.1,2.4,65.4,3.3,6.3,0
1.4,8,0,4,1.5,47.9,11,4.7,0
2.7,7.3,0,3.6,1.3,69.3,3.4,3.9,0
6,14.2,0,3.8,1.3,61.5,8.3,7.8,0.1
6,12.1,0,4.6,2.2,49.5,11.1,7.7,0
3.6,9,0,4.4,2.3,52,10,7.2,0
3.9,11.1,0,4.1,1.3,50.8,11.4,6.2,0
8.7,17.3,0,4.6,1.7,41.8,11.3,9.2,0
8.1,14.3,0.1,4.6,1.8,49.4,3.5,8.3,0
6.5,13,0,4.5,2,43.3,11.6,9.2,0
4.6,11.3,0.5,4.4,1.5,61,4.1,6.7,0
6.1,12.8,1,3,1.3,62.8,8.8,10.1,0
9,17.1,0,3.1,1,49.9,5.3,9.3,0
6.9,9,6.5,2.7,1.2,85.8,0,7.5,0
9.3,15.2,0,3.8,1.8,61.3,9.5,12,0
11.6,21.6,0,4.2,1.2,50.8,10.7,11.8,0
15.3,24.3,0,4.7,1.4,44.1,7.8,12.7,0
9.1,15.4,25.5,4.4,1.6,86.3,0,10,0
4.4,10,0.1,5.1,2.5,72.3,4.3,7.7,0
8.1,15.7,0.2,5.8,2.2,56.5,9.5,9.5,0
6.2,11.2,2,8.1,3.9,57.4,9,8.2,0
4.7,9.5,0,5.6,2.7,56.4,9.1,7.3,0
5.5,9.8,0.2,6.5,3.5,55.6,5.4,5.6,0
5.6,11.4,0,4.7,2.2,54.3,9.2,6.8,0
11.4,19.9,0,5.8,2.2,43.9,11.3,9.8,0
10,15.7,3,6.8,3.2,50.1,8,10.9,0
5.6,10.9,0,2.5,1.1,51.3,1.8,6.7,0
15.2,26.8,0,7.4,2.3,58,8.2,12.2,0
12,15.2,0.5,5.6,2.6,78.3,0.5,11.9,0
12.1,18,0,5.4,2.5,55.3,6.4,13.1,0
9.9,16.4,0,5.5,2.1,40.1,11,12.1,0
5.5,9,10,5.3,1.6,84.5,0.2,8.3,0
8.9,15.4,0,4.7,2,61.1,8.7,11.8,0
11.3,18.6,0,3.8,1.4,51.5,10.9,12.5,0
10.9,14,6,4,1.5,75.1,0,11.4,0
14,20.5,3,5,2.2,69,10.1,15.3,0
9.3,13.7,12.5,4.3,1.7,83.3,2.4,12.2,0
9.6,15.9,2,5.8,2,75.4,5.3,10.9,0
11.1,19.3,0,5.7,1.7,68.5,9.2,13.7,0
14.5,23.1,0,4.3,1.2,62,5.9,13.9,0
14.6,18.1,10.5,6.6,3.2,66.5,5.3,13.9,0
13.3,21,0,5.8,2.3,50.6,12.2,13.5,0
2.5,4.5,24.5,1.9,0.7,84.6,0.1,0.2,0
5.5,8,1,2.2,0.7,100,0,1.7,0
-0.7,5.1,0,5.2,2.3,58.6,5.2,0.7,0
-6.8,-2.3,0,4.3,2.1,38.8,9.5,-2.6,0
-6.1,-0.3,0,2.2,1,52.5,6.2,-2.7,0
-2.6,4.3,0,2.1,0.8,54.8,6.4,-1.5,0
1.6,7,0,6.1,1.9,63.8,5.3,0,0
1.9,5.7,3.1,3.1,1.7,76.5,1,1.2,0
-0.6,1.9,3.6,2.7,1.1,91.8,0.2,0,0
-0.4,4.3,0,3.1,1.6,66.3,6.3,0,0
-1.2,5,0,3.2,1.4,59.8,9.8,0.3,0
-0.3,5.7,0,3.8,1.2,65.9,5.8,0.6,0
1,6.5,0,3.7,1.2,65.9,7.5,1.1,0
1.7,7.6,0,3.2,1.5,62.1,7.1,2.2,0
1.3,8.6,0,3.1,0.9,64.9,9.9,1.7,0
1.8,9,0,3,0.9,63.5,7.6,1.9,0
3.6,10.1,0,3.8,1.4,60.4,3.8,2.7,0
2.1,5.5,0,3.5,1.8,54.3,6.6,2.8,0
0.6,6.2,0,2.7,1.2,59.3,7.2,1.5,0
0.1,4.1,0,3.9,1.4,69.3,6.5,1.6,0
0.3,6.4,0,3.1,1,64.6,8.3,2.6,0
0.5,7.7,0,2.9,0.9,62.5,9.7,2.2,0
1.7,9.1,0,2.7,0.8,60.8,8.2,2.5,0
2.8,10.3,0,3.5,0.9,65.5,7,2.9,0
4.2,12.7,0,2.4,0.8,69.3,8.1,3.8,0
5.6,15.1,0,2.5,0.8,64.3,5.3,3.8,0
6.9,15.1,0,4.2,1.6,61.9,6.8,4.5,0
8,14.2,0,4.4,1.8,61.1,6,7.4,0
7.8,11.7,0,4,1.5,63.8,1.4,6.9,0
4.6,10.9,0,4.8,1.6,56,8.7,6.2,0
4,11.7,0,4,1,46.6,10.1,4.4,0.16
5,12,0,4.1,1.5,49.5,6.9,3.3,0
2.5,7.9,0,5.6,2.6,48.9,7,5.6,0
0.2,5.3,0,5.1,2.2,48.5,9.3,2.8,0
-0.2,5.6,0,6.7,2.5,34.9,10.6,2.5,0
1.3,6.7,0,4.2,1.6,51.3,8.4,3,0
1.2,6.3,2.7,6.2,2.2,58.9,7.1,3.3,0
1.2,8.4,0,4.6,1.8,47.5,11,3.3,0
3.2,12.4,0,4.4,1.2,51.5,8,2.6,0.06
3.8,8.1,8,3.1,0.9,76.5,1.5,2.3,0
4.1,6.7,0,5.8,3.2,62.3,1.1,3.7,0
2.5,8.9,0,4.7,1.8,59.8,10.5,3.6,0
6,14.2,0,6.3,1.9,60.8,8.7,4.7,0
10.2,18.5,0,3.8,1.2,61.6,8.4,8.8,0
12.8,20.4,0.1,5.5,2,67.1,9.6,11.3,0
13,17.2,0,5,2.4,65.3,8,13.7,0
8.1,11.4,1.5,4.8,1.9,70.3,0,7.7,0
5,9.3,3,5.3,1.5,87.6,1.8,6.9,0
3.2,8.8,0,2.5,1.2,76,4.7,6.6,0
6.7,14.9,0,3.6,1.3,63.1,10.8,6.8,0
9.4,17.5,0,4.3,1.6,59,10.1,9.1,0
10.3,17.8,0,5.1,1.8,57.1,10.2,10,0
15.1,19.8,0,3.6,1.2,63.5,6.2,13.7,0
15.6,22.5,0,3.8,1.4,60.4,5.2,14.8,0
14.3,22.5,0,3.6,1.2,58.8,10.1,14.2,0
15.9,24.5,0,5,1.1,58,7.5,15.2,0
13.2,16.2,0,5.3,1.2,77.4,0,11.8,0
12.8,18.8,2.5,4.3,1.9,66.3,8.2,15.3,0
13.1,20.9,0,3.6,1.2,56.9,7.3,12.7,0
14.3,23.5,0,3.1,1.2,45.5,10.9,14.8,0
15.3,23.5,0,4.2,1.4,40.3,9.8,15.1,0
9.5,16.5,21,5.2,1.6,65.8,0.9,10.3,0
6.4,11,0.2,4.3,1.9,58.9,6.8,9.3,0
5.6,11.5,0.2,5.8,1.8,66.1,7.5,7.9,0
6.7,14.1,0,4.9,2.1,54.1,10.6,11,0
10.2,19.5,0,4.9,1.8,54.4,10.5,12.6,0
11.9,21.2,0,3.3,1.1,46.9,11.6,14.3,0
13.3,22.2,0,4.4,1.5,53.4,11.2,15.5,0
12.9,17.6,0,5.2,1.5,64,1.2,11.7,0
14.3,21.1,0,4.5,1.8,56.1,8,16.2,0.1
14.5,19,0,3.5,1.2,67.3,0.5,14.5,0
16.4,23.9,0,3.4,1,52.5,7.2,17,0
15.5,24.1,0,4.1,1.6,46.9,11.1,17.7,0
15.6,22.8,0,4.1,1.7,60.9,8.7,16.2,0
15.1,19.3,0,3.5,1,78,0.1,15.4,0
14,21.2,4,5.5,1.2,75.6,3.7,14.7,0
15.3,22,0,3,1.4,69,7.7,17.4,0
13.2,17.7,0,4.6,2.5,57.1,1.1,14.9,0
14.8,21.2,0,4.1,2.1,47.3,11.2,18,0
15.4,22,0,4.1,1.6,48.6,9.2,17.8,0
14.9,23,0,4.6,1.4,43,11.2,16.7,0
16,24.8,0,3.5,1.2,42.9,12,18.7,0
17.3,25.6,0,4.2,1.3,45,10.3,19.1,0
18,26.7,0,3.6,1.1,42.5,11.3,20,0
17.8,25.2,0,3.4,1.3,46.3,5.2,18.5,0
15.2,18,8.5,2.9,1,80.5,0,16.4,0
13.5,15.2,13.5,3.7,1.7,88,0,14.1,0
15,19.1,0.1,6.2,3,68.3,2,14.9,0
15,19.6,0.1,3.4,0.9,76.6,1.9,16.1,0
-2.9,3.8,0,2.5,0.8,59.4,9.5,-2.6,0
-1.8,6.3,0,2,0.6,62,7.8,-1.8,0
-0.5,7.6,0,2.8,0.8,60.8,8.4,-1.4,0
0.2,5.9,0,3.5,1,64.3,8.8,-0.9,0
0.5,5.5,0,3.7,1.3,69.6,7.1,0,0
0.4,6.1,0,3.4,1,64.8,9.2,-0.3,0
0.8,5.5,0,3,1.1,70.6,2.3,0,0
-7,2.2,0,5.2,3.4,35,9.7,-3.6,0
-5.4,-0.1,0.3,5.3,1.8,53.8,6.2,-4,0
1.6,7.4,0,5.2,1.8,69.5,4.9,0,0
3.7,8.6,0,4.4,1.8,62.1,7.5,1.3,0
-0.9,3.6,0,5.8,2.5,40.6,10,-0.9,0
-1.3,4.5,0,5.5,2.1,41.6,10,-2.1,0
0.1,4.4,0,2.5,0.8,75.1,4.7,-0.8,0
7.1,13.6,0,3,1.3,63.8,7.3,2.2,0
5.3,8.2,7.5,4.6,1.9,88.9,2.2,2.2,0
3.2,4.5,0.5,4.4,2.3,78.6,1.9,1.6,0
1.6,3.3,0,2.4,1.2,85.3,3,1.4,0
2.2,8.1,0,2.4,0.9,77.9,5.5,2.7,0
4,10.9,0,3.1,0.9,65.3,9.4,2.3,0
5.7,8.7,6.5,5.6,1.7,81.8,2.8,2.6,0
4.8,7.7,1.5,5,2.2,81.1,2.4,3.2,0
2.1,6.5,0,3.6,1.9,58.4,7.6,2.2,0
2.2,7.9,0,2.9,1,65,8,2.2,0
6,13.4,0,5.2,1.5,51.1,8.4,3.9,0
2.5,7.7,0.5,6.4,3.2,56.5,7.9,3.1,0.2
-0.6,4.2,0,4.7,1.7,39.3,9.8,0.9,0
2.4,7.7,0,2.7,0.9,51.4,2,1.2,0
3.1,7.3,0,5.4,2.5,63.8,5.3,2.6,0
3.2,9.8,0,4.4,1.2,52.1,10.5,2.8,0
3.9,9.5,2.5,5.1,1.9,66.4,2.1,3.8,0
-0.8,3.7,0,6.7,3.6,42.9,10.6,1.5,0
-0.4,6.2,0,2.6,0.9,53.3,8.8,1.2,0
2.8,10.8,0,4,1.2,48.1,10.6,2.8,0
4.3,13.3,0,2.4,0.9,45,10.5,3.4,0
7.7,17.1,0,3,0.9,42.9,9.5,4.9,0
4.5,10.9,0,7.1,3.1,39.1,9.4,4.8,0
-2.6,2,0,7.3,3.9,30.4,11,0.2,0
0.8,7.9,0,7.8,3.1,39.9,10.2,0.5,0
2.4,8.6,0,6.4,2.1,32.4,10.9,1.9,0
5.2,12,3.5,5.2,1.6,57.4,8.5,3.6,0
4.3,12,0,3.9,1.3,45.9,10,3.7,0
5.9,14,0,3.8,1.2,44.8,10.4,4.5,0
8.9,19.4,0,3.8,1,42,10.3,6.2,0
10.8,18,0,1.9,0.7,43.6,3,7.3,0
8.8,11.2,16,3.7,1.1,82.4,3,6.7,0
12.8,21.6,0,2.7,1.1,68.5,10.9,11.2,0
13.3,21.9,0,4.4,1.2,50.8,8.3,10.9,0
11.8,19.5,0,4.6,1.4,40.9,9.6,9.2,0
9,16.8,0,8.2,2.7,38,10.8,7.4,0
5.1,11.2,0,6.3,2.6,33,11.2,5.2,0
5.6,13.2,0,4.2,1.5,36,11.3,5.6,0
6.9,14.6,0,3.6,1.2,36.4,11.3,6.6,0.06
8.8,17.9,0,3.9,1.5,40,11.5,8.3,1.5
10.1,18.8,0,5,1.6,42.9,10.8,9.7,0
11.1,18.9,0,4.9,1.7,33.1,11.6,10.3,0
12.8,18.9,0,3.4,1.4,41.6,8.5,12.4,0.05
14.7,22.8,0,4.7,1.6,53.1,10.7,13.5,0
13.3,16.5,1,3.3,1.2,74.3,2.3,11.4,0
11.8,15.3,5,5.4,2.3,74.9,5.1,12.5,0
15.4,22,21,7.8,4.2,69.4,6.8,13.8,0
12.6,18.6,26,5,2,84.5,3.4,14,0
13.2,20.3,1,4.9,2.5,58.5,7,13,0
10.5,11.5,3,3.1,1.1,88.1,2.6,11.1,0
11.6,15.8,0.1,3.6,1.3,72.5,1.9,12.6,0
8.3,11.4,1.5,3.9,1.6,72.1,1.3,10.2,0
9.1,14.2,0,4.1,1.7,64.8,6,10.7,0
10.1,16.4,0,3.3,1.2,61,9.2,11.5,0
11.9,20.5,0,3.5,1.3,51.1,11.9,12.6,0
13.7,22,0,3.3,1.2,45.3,11.6,14,0
13.8,20.8,0,5,2,40.6,4.9,12,0.06
11.2,15.4,0.5,5.2,2.6,56.3,1.9,9.8,0
7.3,8.9,5.5,3.5,1.2,83.1,2.1,8.8,0
10.5,18.1,5.5,3.7,1.3,75.8,5.9,11.2,0
9.9,20.8,10,6.9,2.3,79.1,4.1,8.4,0
11.2,19.7,0,5.7,1.9,52.9,12.1,12.1,0
14.9,25.1,0,2.9,1.1,41.6,10.2,14.5,0
13.9,16.1,14.5,3.8,1.7,85.3,1.9,13.9,0
11.1,13.7,11,5.4,2.2,83.8,2.8,11.7,0
13.1,22.4,0,4.4,1.6,55.9,12.4,14.4,0
14.2,21.2,0,4.7,1.6,48.9,10.3,14.5,0
15.1,23.3,0,4.3,1.7,44,12.2,15.8,0
17.3,24.5,0,4.6,1.8,34.9,12.1,18,0
16.4,25,0,4.5,1.6,36,12.6,18.1,0
18.6,27.3,0,4.3,1.6,42.8,12.3,19.3,0
19.6,27.5,0,4.9,1.6,47.8,12.2,20.9,0
20,27.4,0,3.6,1.2,42,8.7,20.7,0
17.3,19.9,2,2.5,0.9,78.8,1.7,16.9,0
20.6,27.6,0,3.6,1.3,66.3,10.9,22.5,0
-4.2,0.5,0,2.7,1.1,41.5,8.5,-2.4,0.01
-4.7,0.7,0,1.9,0.8,43.1,9.4,-3.1,0
-3.5,3.1,0,3,0.7,49.6,9.3,-3,0
-0.6,5.9,0,2.8,1,51.3,7.4,-1.4,0.05
-1.6,3.4,0,3,1.1,41.5,8.6,-2,0
-2,3.2,0,2.6,0.9,43.4,9.5,-1.7,0
-3.1,3.3,0,2.6,0.8,45.3,9.5,-2.4,0
0,5.7,5.7,4.4,0.9,68.4,2.8,-1.1,0
1.3,5.7,0,4.1,1.8,53.8,8.9,0,0
1.1,9.4,0,1.6,0.5,59.1,9.6,0,0
6.9,14.5,0,4.6,1.1,46.4,5.8,1,0
9.4,13.9,7,4.1,1.1,89,0,2.7,0
11.9,17.3,13.9,3.9,1.1,92,0.2,5.6,0
-0.2,12.3,0.8,4.8,2.7,75.8,0,0.7,0
-4.2,-0.9,0,4.1,2.1,48.9,9.7,-0.3,0
-1.4,2.4,0.2,3.5,1.7,67.8,3.7,-0.3,0
-0.2,5.6,0,3.6,1.2,56.4,9.9,0.2,0
3.8,8.3,0,3.9,1.3,60,4.3,0.5,0
3.6,6.5,0,3.7,1,62.4,0,0.4,0
2.6,8.5,0,4,1.3,49.4,7.1,1.3,0
0.6,5,0,4.3,1.7,35.4,9.8,0.7,0
2,5.8,0,2.7,0.7,44.9,0.1,0.6,0
2.4,7.5,0,5.5,1.7,50.4,7.8,1.5,0
-1.3,3.1,0,3.5,1.5,44.6,10.2,0.7,0
0,4.7,0,4.3,1.5,55,6.8,0.1,0
3.4,7.6,0,4.2,1.5,45.4,9.9,1.8,0
2.5,6,5.4,2.4,0.8,76.9,4.4,1.6,0
1.2,5,12.8,2.3,0.6,83.4,0,0,0
-3.4,-0.7,0,3.3,1.2,68.5,4.1,0.1,0
-3.7,1.2,0,3.1,1.1,61.4,9.9,-0.2,0
1.9,7.6,0,3.4,1,68.8,5.9,-0.2,0
6,12.1,0,2,0.6,68.6,7.2,3,0
10.3,17.5,0.7,3.4,1,69.6,6.3,5.6,0
13,16.8,35,4.4,2.2,86.4,0.3,9.7,0
9.8,13.7,0,2.7,1.2,64.1,6.2,9.6,0
7.2,12.5,0,1.7,0.6,60.9,0.7,5.3,0
4.8,7.7,0,3,1.2,48,0.1,4,0
3.4,8.8,0,3.1,1.2,40.4,8.8,4.2,0
1.2,5.8,0,4.4,1.8,31.5,10,3.1,0
0.9,5.3,0,3.3,1.2,37,10.9,2.8,0
2.4,7.4,0,3.4,1,48.5,7.7,2.7,0
2.8,4.8,0.8,2.2,0.6,71.9,0,3.3,0
4.1,9.3,0,2.1,0.9,66,4.6,4.2,0
5.8,12.6,0,3.1,0.9,46.4,9.1,4.8,0
8.4,14.9,0,3.1,1.1,35.5,8.8,6.8,0
9.3,17.4,0,2.8,0.7,35.9,7.2,7,0
11.3,17.3,0,2.1,0.6,45.9,2.5,7.7,0
11,17.4,0,3,0.9,60.5,8.1,9.5,0
10.4,14.9,0,3.5,1.1,53.6,3.4,8.6,0
10.2,16.6,0,3,1.2,49.6,10,9.8,0
9.5,15.9,0,3.2,1.3,39.9,10.1,9,0
8.4,13.7,0,4.7,1.6,43.8,7,8.8,0.03
7.1,12.2,0,2.7,1.1,43,10.1,9.6,0.09
6.3,10.8,0,2.9,1,51.6,2.2,6.5,0
6.5,12.9,0,2.3,0.8,48.6,10,7.8,0
7.2,14.3,0,4,1.3,41.9,10.5,8.3,0
8.9,16.7,0,2.8,0.9,34,11.2,9.3,0.03
11.9,18.7,0,5.3,1.8,41.6,3.8,9.7,0
12.8,19.5,0,4.2,1.5,42.9,10.5,12.2,0
12.3,20.3,0,2.1,0.6,31,7,10.9,0
15.1,24.4,0,3.3,1,30.4,10.4,12.9,0
15.6,23.1,0,4.7,1.4,32.6,10.5,13.8,0
11.6,15.7,0.5,3.8,1.2,59.1,0,10.5,0
13.5,19.5,0,3.9,1.4,50.3,9.2,14.1,0
13,19.7,0,3.8,1.5,28.3,11.5,13.9,0
14.7,23.1,3.8,4.5,1.3,37,6.5,13.5,0.05
14.2,20,16,3.8,1.5,70.9,4.8,13.6,0
14.4,21.3,0,4.9,1.6,57.6,8.6,14.2,0
14.2,19,0,2.3,0.9,69.5,1.3,13.1,0
16,23.1,0,4.7,1.8,56,6.5,16.5,0
12.8,18.1,0,5.1,2.2,39,11.1,15.5,0
14.5,21.3,0,5.3,2.3,39.6,7.4,14.2,0
14,19.3,6.2,1.9,0.7,77.1,3.1,13.9,0
15.5,20.6,0,4.9,1.6,63.4,10.4,16.3,0
15.7,23.4,0,3.9,1.3,44.6,11.5,15.9,0
15.8,23.9,12.8,5.2,1.7,54.3,0,14.8,0
12.7,16.5,10.3,6,3.4,54.1,0,13.2,0
12.6,19.4,6.5,5.1,2,51,9.1,14,0
12.3,18.2,0,2.6,1.2,52.8,8.6,13.8,0
13.8,20.8,1.1,3,0.9,57.5,4.7,14.4,0
13.7,17.8,14.3,3.5,1,86.1,0.4,14.1,0
17.6,24.8,0,4.2,1.6,64.4,9.7,18.1,0
14.7,19.9,0,2.6,1,47,3.7,15.5,0
14.7,22.7,0,2.2,0.8,38.1,10.5,15.1,0
17.4,25.7,0,2.5,0.8,40.5,11.3,16.8,0
20.4,30,0,3.4,1.1,38.5,9.5,18.8,0
14.9,19,0,4.4,1.9,45.5,0,14.4,0
15.8,22.4,0,3.1,1.2,43.1,0,16.6,0
16.4,22.4,0,3.7,1.5,42,8.2,17.8,0
16.8,24,0,5.2,1.6,48.5,4.4,16.8,0
-4.3,1.4,0,3,1,56.3,9.1,-0.2,0
-4,2.3,0,2.5,0.6,56.3,9.4,-0.7,0
-0.1,4.6,0,1.9,0.5,64.9,4.5,-0.2,0
-0.2,4.2,0,1.2,0.2,70,0.4,-0.5,0
1.9,4.5,0.2,3.2,0.9,74,0,0,0
-0.7,2.3,0,2.8,1.5,53.3,9,-0.4,0
-2.2,2.5,0,1.7,0.5,62.8,2.8,-0.7,0
-1.3,2.3,0,2.2,0.7,57.6,0.8,-0.3,0
-3.7,-0.6,0,4.5,1.9,48.5,6.7,-1,0
-5.4,-2.1,0,4,2.1,42.9,9,-2.1,0
-5.1,-0.2,0,3.7,1.3,53.4,9.7,-2.2,0
-2.7,3.5,0,3,1,54,9.8,-1.7,0
-1.4,5.4,0,2.5,0.6,61.9,6.8,-0.8,0
0.6,5.3,0,2.5,0.8,58,6.9,0,0
0.4,7.8,0,2.7,0.6,51.1,8.9,0,0
5.5,12.6,0,4.4,1,57.1,0,1,0
4.5,10.6,3.4,3.6,2.2,55.9,0,2.1,0
-1.5,3.5,0,3.8,1.6,43.8,9.4,0.2,0
1.8,7.3,0.6,3.7,0.8,63,2.8,0.3,0
1.5,6.1,4.2,4.8,2,59.1,8.3,1.8,0
-0.3,6.3,0,2.1,0.8,49.8,10,0.5,0
2,3.7,9.1,2.7,0.7,76.1,0,0.6,0
0.5,4.1,0,4.3,2.4,54.3,1.2,1.5,0
-0.1,4.9,0,4.2,1.4,47.3,7.3,0.7,0
2,7.4,0,3.5,1.1,52.6,8.8,1.9,0
2.6,8.2,0,2.4,0.7,52.1,8,2.2,0
2.8,9.8,0,2.7,0.8,52,10.2,2.2,0
4,10.9,0,2.7,0.7,48.1,10.1,2.5,0.1
4.8,10.3,2.9,2.7,0.7,57,0.3,3.7,0
2.4,5.1,1.3,3.9,1.2,74.5,0.3,3.8,0
2.3,8.8,0,2.7,0.8,58.4,10.2,2.6,0
4.2,11.7,0,3,0.7,50.3,10.4,3.3,0
5,11.7,3.1,3,1,55.3,5.5,4.1,0
1.8,5.4,1.6,4.9,2.3,43.6,9.8,3.8,0
-0.4,3.2,0,4.2,2.2,36,10.6,1.5,0
0.6,5.2,0,4.7,1.9,44.9,8,1.7,0
3.6,9.7,0,5.3,2.2,44.5,9.6,2.6,0
4.5,11.5,0,3.6,1.2,37.5,10.7,4,0
6.2,14.1,0,2,0.7,35.6,10.6,4.6,0
7.8,13.4,0,3.3,1.1,42.8,4.3,5.5,0
7.6,12.8,0,2.4,1.2,48.9,9.3,7.8,0
4.8,11,0,4.8,1,50.6,6.1,5.4,0
4.5,11.4,0,2.3,0.7,45.1,10.9,6.3,0
5.5,12.2,0,3,1,39.4,10.3,6.6,0
7,14.7,0,2.8,0.8,38,10.8,7.4,0
8.6,16,0,3.8,1.1,32.4,7.8,8.1,0.03
8.7,17.5,0,2.5,0.6,34.3,10.7,8.7,0
9.3,15,0,2.5,0.7,37.1,1.8,7.8,0
7,10.3,0,3.4,1,56.4,3.8,7.8,0
6.7,13.6,0,3.4,1.1,45,9.8,8.8,0
8.2,14.3,0,2.9,1,39.6,6.8,9,0
7.7,13.7,0,2.4,0.9,45.9,7.1,8.3,0
5.7,8.6,4.2,3.3,1.4,70.8,0,6.4,0
5.5,10,0,3.8,1,72.9,2.9,8.2,0
4.7,8.7,4,3.9,1.2,76.8,0.5,7,0
5.7,11.3,0,2.2,0.7,67.3,3.6,8.1,0
7.6,14.6,0,2.3,0.8,47.9,9.2,9.6,0
9.8,17.6,0,1.7,0.7,45.5,9.8,10.5,0
7.7,10.4,5.6,4,1.6,71.8,0,7.7,0
6.5,9.4,5.9,3.8,1,79.1,1.9,9.1,0
7.3,13.9,0.1,3.2,1.1,61.5,7.3,9.6,0
10.3,19.2,0,3.6,1.2,43.6,11.5,11.3,0
12.9,20.9,0,3.4,1,38.1,11.6,12.6,0
12.8,16.4,4.5,3.5,1.3,55.9,0,10.7,0
13.4,16.8,5.6,3.2,1.5,75.5,5.4,14.5,0
15.8,23.9,0,2.7,0.8,58,9.1,16.3,0
16.1,22.4,0,2.9,1.2,56.3,8.9,16.8,0
13,15.4,0.9,2.9,1.2,57.9,0.7,14.5,0
14.9,21.1,0,4.1,1.7,21.1,11,15.4,0.2
12.8,18.8,5.7,5.1,1.5,50,8.1,13.9,0
11.4,17.2,0,4.9,1.9,22.8,11.8,13.8,0
12.3,19.2,0,4.2,1.4,42.1,10.1,13.5,0
14.2,19.5,0.6,5.8,2,45.3,5.7,13.6,0
16.2,23.8,0,4.2,1.3,54.3,6,16.2,0
18,25.4,0,3,0.9,43.1,2.3,17.3,0
13.3,16.5,9.1,2.9,0.8,68.8,0,12.9,0
11.3,18.5,5.6,4.8,1.6,77.6,2.6,13.1,0
12.7,18.5,0,4,1.9,41.3,12.2,15.2,0
12.5,16.8,0,3.2,1,44.8,0.3,13.6,0
12.9,19.6,0,3.7,1.2,48.9,9.8,15.4,0
13.8,20.4,0,2.6,0.9,43,10,15.8,0
14.5,21.8,0,4,1.2,38.3,7.1,16.8,0
14.8,22.3,0,4.4,1.4,35.9,11.4,16.7,0
16.7,22.1,0,4.3,1.6,45,5,17.4,0
15.3,20.5,0.1,4.5,1.8,36.5,12,19,0
12.8,19,0,4.3,1.6,32.3,10.3,16.1,0
14.4,22.8,0,6.2,1.9,40.9,12,17.7,0
16.4,24,0,4.6,1.3,36.3,8.2,18.7,0
19.5,27.8,0,4.2,1.4,39.1,2.4,20.2,0
-4,2.2,0,1.8,0.6,48.8,9.4,-4.1,0
-3.4,3.3,0,1.7,0.6,49.9,9.3,-3.8,0
-5.3,-2.8,0.4,4.6,2.2,48.4,6.3,-3.8,0
-8.8,-4.8,0,3.5,1.3,42,9.5,-6.4,0
-8.5,-4,0,4.8,1.6,36.9,9.5,-6.8,0
-9.1,-5,0,3.3,1.3,39.9,9.5,-6.9,0
-8.9,-2.9,0,2.5,0.7,42.8,9.5,-6.4,0
-5.8,2.2,0,2.2,0.4,40.9,9.5,-4.8,0
-2,4.9,0,1.8,0.3,49,0.9,-2.8,0
-0.2,5.8,0,4.4,1.7,40.1,5.1,-0.6,0
-5.5,-1.7,0.2,5,1.6,45.4,5.2,-4.4,0
-5.8,-1.2,0,4.1,1.6,45.8,7.7,-2.6,0
-1.6,3.8,0,3.8,1.1,58,9.5,-1,0
3.8,9.5,0,3.6,1.4,55,0.4,-0.1,0
1.1,5.8,0,3,0.8,30.6,9.6,0.8,0
-0.5,5.6,0,3.4,0.9,42.8,9.2,-0.3,0
-1.6,2.4,0,3.3,1.5,26.4,9.3,0.1,0
-0.8,4.8,0,1.9,0.4,35.5,5.5,-0.2,0
0.9,7.1,0,1.4,0.4,45.1,4.8,0.6,0.5
1.2,7.1,0,3.1,1,38.8,8.1,1.1,0
-1,4.4,0,3.1,0.8,29.6,9.9,0.4,0
-0.3,5.5,0,3.9,0.9,50.6,6.9,-0.7,0
4.5,8.4,1.9,4.5,1.4,69.1,2.6,2.6,0
4.9,9,0,4,1.2,45.5,5.8,2.7,0
2.6,8.9,0,3,0.8,42.5,6.1,2.2,0
2.5,10.9,0,2.7,0.6,41.5,10.3,2.6,0
2.4,6.3,0,1.5,0.3,49.5,0.4,-0.2,0
4.5,9.3,24.9,4.8,1.7,72.9,0,0.5,0
1.8,4.3,1.8,5.5,2.8,59.3,7,2.4,0
-0.4,5.4,0,2.4,0.8,46.9,10.4,1.6,0
7.4,16.5,0,3.2,0.6,40.8,10.3,4,0
10.9,15.6,5.3,4.1,1.1,72,2.2,6.8,0
4.6,8.6,12.7,4.9,3.1,62.4,5.1,4.7,0
4.4,10.9,0,2.6,0.7,55.3,10.5,3.9,0
5.5,9.8,1,3.8,1.8,57.6,3.3,3.8,0
4,8,6.5,2.6,0.6,79.4,0.4,3.2,0
4.2,8.8,0,2.7,0.8,66.8,5.7,3.5,0
4.7,9.9,0,3.6,1.2,59.9,7.5,4.7,0
6.9,12.8,0,3.2,1.2,52,7.7,6.9,0
7.6,16.2,0,3,0.8,50,8.9,5.9,0
11.5,20.1,0,3.8,1.2,57.4,8.5,9.3,0
15.6,21.8,0,4.1,0.9,60.1,5.9,12.8,0
12.6,14.9,17.1,3.7,0.9,88.1,0,10.7,0
5.1,8.5,0.8,3.9,2.3,53.5,4.7,8.1,0
5.6,13.3,0,3.2,0.9,51,9.7,7,0
8.5,13,0.8,2.6,0.7,55.4,0,7.8,0
7.8,9.9,7.6,4.6,1.8,69.3,0,7.2,0
4.5,8.7,0,5.8,3.2,41.9,6.1,5.6,0
2.9,5.4,0,5.3,2.8,56.4,0,3,0
5.8,12.5,0,3.4,1.2,49.8,10.3,8.2,0
6.3,13.1,0,2.7,0.9,48,10.2,7.9,0
8.3,14.3,0,3.1,1.1,53.6,4.9,8.2,0
10.6,17.7,0,2.8,1,51.4,7.9,10.5,0.3
11.5,19,0,3.3,0.8,51.5,9.9,11.2,0
13.4,21,0,2.8,0.8,57.6,6.2,12.2,0
15,21.1,0,3.9,1.1,56.6,8,14.1,0
15.6,21.3,0,2.6,0.7,57.8,6.6,14.6,0
15.7,20.7,0,4,1.8,36.6,10,14.9,0
15.2,21.6,0,4,1.1,48.9,9,14.9,0
15.7,20.3,0,2.2,0.8,57.3,1.5,13.8,0
18.5,24.4,0,3.3,1,57.4,6.9,17.4,0
18.7,24.5,0,3.7,1.2,59.9,5.7,17.5,0
11.8,17.9,18.1,4.7,1.8,70.9,0,12.7,0
8,9.2,10.8,4.4,1.5,82.5,0,9,0
7.2,12,9.9,5.6,2.1,65.8,4.3,9,0
4.2,9,0.9,6.1,3,50.8,5.5,6.4,0
4.8,9.3,3.1,3.7,1.6,59.3,4.2,7.6,0
7.5,14.2,0,2.4,0.9,59.1,7,10,0
14.7,23.9,5,6.2,2.4,48.1,7.9,12.6,0
14.1,18.6,1,6.6,2.9,43.1,9.8,14.3,0
13,21.1,0,5.6,1.8,34.4,11.7,13.4,0
13.4,19.7,0,4.5,1.5,30.9,2.9,11.3,0
8.9,13,17.7,3.2,1.2,79.1,0,9.3,0
10,14.9,0,4,2,63.5,3.1,11,0
11.6,18.5,0,3,0.9,54.1,11.4,14.1,0
12.8,20.1,0,3.1,1,48.4,9.3,13.4,0
13.6,21.1,0,3,1,39.1,11.9,16.1,0
15,22.5,0,3.3,1.2,38,10.9,16.6,0
19.2,28.1,0,2.7,0.8,46.9,11,19.5,0
20.1,28.5,0,3.5,1,36.8,12.1,21.1,0.5
17.4,23.7,0,4.2,1.5,39.4,2.2,18.3,0
10.7,14.5,41.2,4.4,1.9,82.9,0,11.3,0
11.6,15.1,4.9,5.1,2.1,59.4,0,11,0
13.2,22.8,0,3,0.7,43.5,12.5,14.8,0
15.4,22.4,0,2.9,1,47,8,15.8,0
15.4,23,0,2.5,0.9,53,10.7,16.3,0
16.2,23.7,0,3.6,1.2,50.3,11.9,18.9,0
16,23.5,0,2.9,1.1,46,11.1,18.6,0
18,25.3,0,2.2,0.8,48.9,9.4,19.8,0
